ID,DateCreated,Gender,Marital,Faculty,Department,YearOfEmployment,AcademicRank,Campus,NumChildren,ChildAgeInterval,ChildSeeking,ChildNumberSeeking,How would you rate your current workload?,About how many hours do you work in a typical week?,How satisfied are you with the distribution of the teaching workload in your department?,How satisfied are you with your teaching schedule?,How satisfied are you with the qualifications of the students admitted to your departmental undergraduate programs?,How satisfied are you with the qualifications of the students admitted to your departmental graduate programs?,How satisfied are you with the number of students in the classes you teach?,How satisfied are you with the number of students admitted to your departmental graduate programs?,Have you served in any administrative position at UOB?,"If yes, in which of the following administrative positions have you served?","If you marked what applies in question 10, did you receive credit load release for your administrative service?",How often do you express your voice in decisions that impact your department or Faculty?,How often do you think you could share your views in meetings?,How satisfied are you in your interactions with your Faculty?s administration?,How satisfied are you in your interactions with your colleagues?,"When you are at work, how often do you feel your work is meaningful?","When you are at work, how often do you receive constructive feedback on your work performance?","When you are at work, how often do you work other than your primary duty?","When you are at work, how often do you do work that is not formally recognized by your department?","Are you satisfied with the ratios allocated by your Faculty to teaching, research and university service?",How satisfied are you with the climate in your department?,How overall are you satisfied with your work?,"When you are at work, how often do you feel you have the academic resources you need to do your job well?",How often do you express your voice in how departmental resources are distributed?,How satisfied are you with the teaching facilities at your Faculty?,How satisfied are you with UOB?s provision of educational technology?,How satisfied are you with the student laboratory space?,How satisfied are you with the student laboratory equipment and technology?,How satisfied are you with the Course Evaluation Survey (CES) as a course evaluation tool?,How satisfied are you with your office space?,How satisfied are you with the services and resources provided by the library?,"If you reside on the main campus, how satisfied are you with the housing accommodations?",How satisfied are you with the availability of on campus parking?,To what extent are you satisfied with the performance of the following administrative offices? -- Admissions,To what extent are you satisfied with the performance of the following administrative offices? -- Registrar,To what extent are you satisfied with the performance of the following administrative offices? -- Informational Technology,To what extent are you satisfied with the performance of the following administrative offices? -- Procurement,To what extent are you satisfied with the performance of the following administrative offices? -- Media and Communications,To what extent are you satisfied with the performance of the following administrative offices? -- Human Resources,To what extent are you satisfied with the performance of the following administrative offices? -- Comptroller Office,To what extent are you satisfied with the performance of the following administrative offices? -- Health Center Infirmary,To what extent are you satisfied with the performance of the following administrative offices? - office of Student Affairs,To what extent are you satisfied with the performance of the following administrative offices? -- Fitness Center,"When you are at work, how often do you feel you have the opportunities to learn and grow as a professional?",How often do you feel that UOB provides you with professional development opportunities?,"If you feel that UOB offers you professional development opportunities, with how many have you been provided in the past 3 academic years?",How often do you feel that your Faculty or Department clearly communicates the expectations for your career advancement?,Do you feel supported by your Faculty administration in your career growth?,How satisfied are you with the university policy and procedures for promotion?,Do you feel that the submission procedure for internal Research Grant Applications (RGAs) is clear?,Do you feel that the process of obtaining UOB research funding is transparent?,Do you think that UOB allocation of funds for research is sufficient?,Do you think the time allocated in your workload to conduct research is sufficient?,Do you think the physical resources/facilities to conduct research are adequate at UOB?,Do you feel valued and appreciated by your Faculty for your work?,Were you involved in the formulation of your Faculty Strategic Plan?,Are you a member of any Faculty Committee?,Are you aware of the accreditation initiatives at your Faculty?,Do you feel that your Faculty or Department does well in mentoring new faculty members?,Are you aware of your Faculty bylaws?,Do you feel treated fairly by your Faculty?,Do you feel treated with equity by your Department or Faculty?,Do you feel that you can express any complaint or grievance freely to your Faculty?,Are you satisfied with your social relationships with other faculty members?,Do you feel your UOB employment is secure?,How often do you feel that your Faculty or Department consistently informs you of important and new institutional policies?,How often do you feel that the University Senate conveys your voice to the university administration?,"Are you aware of UOB policies on research ethics, equity, diversity & inclusion, sexual harassment, ethical use of informational technology, and use of social media that are posted on the website?","If you answer by yes to question 59, do you feel that these policies are satisfactory?",How satisfied are you with your current academic rank?,How satisfied are you with the duration of your contract?,"In general, how satisfied are you with your pay?","In general, how satisfied are you with your benefits as an employee?",How satisfied are you with the benefits for health insurance?,How satisfied are you with the benefits for children schooling?,Do you use UOB?s transportation accommodations?,"If you reply by yes to question 67, how satisfied are you with UOB?s transportation system?",How likely are you to leave UOB in the next 12 months?," If you are likely to leave, to what extent have you considered the following reasons? -- Salary increase","If you are likely to leave, to what extent have you considered the following reasons? -- Opportunities for career advancement","If you are likely to leave, to what extent have you considered the following reasons? --Seeking better benefits","If you are likely to leave, to what extent have you considered the following reasons? -- Opportunity for a non-academic job","If you are likely to leave, to what extent have you considered the following reasons? -- Improvement of family employment situation","If you are likely to leave, to what extent have you considered the following reasons? -- Seeking a better work environment","If you are likely to leave, to what extent have you considered the following reasons? -- Planning for retirement","If you are likely to leave, to what extent have you considered the following reasons? -- Health issues","If you are likely to leave, to what extent have you considered the following reasons? -- Family Relocation","If you are likely to leave, to what extent have you considered the following reasons? -- Travel abroad","If you are likely to leave, to what extent have you considered the following reasons? -- Seeking an academic position at an institution of better reputation",To what extent would you stay at UOB if the following features are met? -- Salary Increase,To what extent would you stay at UOB if the following features are met? -- Salary pay in USD,To what extent would you stay at UOB if the following features are met? -- Increase in children? schooling fees,Provision of free medical insurance,To what extent would you stay at UOB if the following features are met? -- Better academic governance at Department/Faculty/university,To what extent would you stay at UOB if the following features are met? -- Timely university communications,To what extent would you stay at UOB if the following features are met? -- Provision of opportunities for career advancement,How satisfied are you at UOB?,Would you encourage current young faculty recruits to renew their contracts at UOB?,Would you enroll your children as students at UOB?,How satisfied are you with the academic qualifications of young faculty recruits at UOB?,Please use this space to share any thoughts about your experience as a faculty member at UOB.,,,,,,,,,,,,,,,,,,,,,,,,,,,,,
2,11/14/2025,Male,Married,Issam Fares Faculty of Technology,Civil & Construction,2016-2020,Lecturer,Akkar,1,13-18,Yes,3,Just right,25-35 hours,Extremely satisfied,Very satisfied,Somewhat satisfied,Somewhat satisfied,Not at all satisfied,Somewhat satisfied,Yes. Served prior to the past 5 academic years.,NA,Extremely often,Very often,Somewhat satisfied,Very satisfied,Department Chairperson,Very often,Very often,Sometimes,Rarely,Very satisfied,Somewhat satisfied,Somewhat satisfied,Sometimes,Very often,Somewhat satisfied,Very satisfied,Somewhat satisfied,Little satisfied,Somewhat satisfied,Somewhat satisfied,Little satisfied,Very dissatisfied,Somewhat dissatisfied,To a great extent,To some extent,Not at all,To some extent,To a great extent,To some extent,Not at all,To a great extent,To some extent,Not at all,Sometimes,Sometimes,3,Rarely,Yes,Somewhat dissatisfied,No,No,No,No,Yes,No,Yes,No,No,No,Yes,Yes,Yes,No,Yes,No,Sometimes,Rarely,Yes,Yes,Somewhat satisfied,Little satisfied,Not at all satisfied,Somewhat satisfied,Somewhat satisfied,Somewhat satisfied,Yes,Neither satisfied nor dissatisfied,Somewhat likely,To a great extent,To some extent,To some extent,To some extent,To a great extent,To a great extent,To a great extent,To some extent,To some extent,To a great extent,To a great extent,To some extent,To a great extent,To some extent,To a great extent,To a great extent,To some extent,Not at all,Somewhat dissatisfied,Yes,Yes,Somewhat dissatisfied,,,,,,,,,,,,,,,,,,,,,,,,,,,,,,
3,11/14/2025,Male,Married,Faculty of Medicine and Medical Sciences,Biomedical Sciences,2000-2005,Assistant Professor,Al Kurah,3,Mixed,No,NA,Just right,25-35 hours,Very satisfied,Little satisfied,Somewhat satisfied,Somewhat satisfied,Little satisfied,Little satisfied,Yes. Serving currently.,Yes,Sometimes,Sometimes,Very satisfied,Extremely satisfied,Associate Dean/ Assistant Dean,Extremely often,Sometimes,Rarely,Rarely,Very satisfied,Very satisfied,Somewhat satisfied,Extremely often,Rarely,Extremely satisfied,Extremely satisfied,Very satisfied,Very satisfied,Little satisfied,Extremely satisfied,Extremely satisfied,Neither satisfied nor dissatisfied,Very satisfied,NA,To a great extent,To a great extent,To some extent,To some extent,To some extent,To some extent,To a great extent,To a great extent,To a great extent,Very often,Sometimes,NA,Very often,Yes,NA,NA,NA,NA,Yes,Yes,NA,No,No,Yes,NA,No,Yes,NA,NA,NA,NA,NA,Very often,NA,NA,Not at all satisfied,Very satisfied,Little satisfied,Little satisfied,Very satisfied,Very dissatisfied,No,NA,NA,To some extent,To some extent,To some extent,To some extent,Not at all,Not at all,To some extent,Not at all,Not at all,Not at all,To some extent,To a great extent,To a great extent,To some extent,To some extent,Not at all,Not at all,To some extent,Somewhat satisfied,Yes,No,Neither satisfied nor dissatisfied,,,,,,,,,,,,,,,,,,,,,,,,,,,,,,
4,11/14/2025,Female,Single,Faculty of Health Sciences,Public Health and Development Sciences,2022,Associate Professor,Dekweneh,NA,NA,No,NA,Just right,40-50 hours,Very satisfied,Extremely satisfied,Somewhat satisfied,Very satisfied,Very satisfied,Somewhat satisfied,Yes. Serving currently.,Yes,Very often,Very often,Very satisfied,Very satisfied,Department Chairperson,Very often,Very often,Rarely,Very often,Somewhat satisfied,Somewhat satisfied,Somewhat satisfied,Very often,Sometimes,Very satisfied,Somewhat satisfied,Somewhat satisfied,Somewhat satisfied,Somewhat satisfied,Extremely satisfied,Extremely satisfied,NA,Somewhat satisfied,To some extent,To some extent,To a great extent,To some extent,To some extent,To some extent,To some extent,To some extent,To a great extent,To some extent,Sometimes,Sometimes,2,Sometimes,Yes,Neither satisfied nor dissatisfied,Yes,No,No,Yes,No,Yes,Yes,Yes,Yes,No,Yes,Yes,Yes,Yes,Yes,No,Very often,Rarely,Yes,Yes,Very satisfied,Little satisfied,Somewhat satisfied,Little satisfied,Not applicable,Not applicable,No,NA,Somewhat unlikely,To a great extent,NA,NA,NA,NA,NA,NA,NA,To a great extent,To a great extent,NA,To a great extent,To a great extent,NA,To a great extent,To some extent,To some extent,To a great extent,Somewhat satisfied,Yes,Yes,Somewhat satisfied,,,,,,,,,,,,,,,,,,,,,,,,,,,,,,
5,11/14/2025,Male,Single,Faculty of Medicine and Medical Sciences,Biomedical Sciences,2000-2005,Assistant Professor,Al Kurah,NA,NA,No,NA,Just right,40-50 hours,Very satisfied,Very satisfied,Very satisfied,Somewhat satisfied,Very satisfied,Somewhat satisfied,Never,NA,Very often,Very often,Very satisfied,Extremely satisfied,NA,Very often,Very often,Sometimes,Sometimes,Somewhat satisfied,Very satisfied,Somewhat satisfied,Very often,Very often,Somewhat satisfied,Somewhat satisfied,Somewhat satisfied,Somewhat satisfied,Somewhat satisfied,Very satisfied,Very satisfied,NA,Very satisfied,To some extent,To a great extent,To some extent,To some extent,To some extent,To some extent,To some extent,To a great extent,To a great extent,To a great extent,Sometimes,Sometimes,1,Rarely,Yes,Somewhat satisfied,Yes,Yes,Yes,Yes,No,Yes,No,Yes,Yes,Yes,Yes,Yes,Yes,Yes,Yes,No,Rarely,Very often,Yes,Yes,Somewhat satisfied,Somewhat satisfied,Little satisfied,Little satisfied,Somewhat satisfied,Not applicable,Yes,Somewhat satisfied,Very likely,To a great extent,To a great extent,NA,Not at all,Not at all,To some extent,Not at all,Not at all,Not at all,To some extent,To some extent,To a great extent,To a great extent,To some extent,To some extent,To some extent,To a great extent,To a great extent,Neither satisfied nor dissatisfied,Yes,Yes,Neither satisfied nor dissatisfied,"I have several concerns regarding my career future at UOB, summarized as follows:
?	Insufficient communication between the administration and faculty members. Information often circulates as rumors rather than official updates. It would be beneficial to have at least one annual town hall meeting with the President.
?	Receiving salary payments in interrupted, partial installments
?	Erosion of the indemnity fund for faculty members appointed before 2020, as neither UOB nor the faculty are actively investing or protecting its value.
?	Not providing faculty members the option to independently decide whether they want to collectively invest their post-2020 indemnity, without the administration?s involvement.
?	Slow response to maintenance requests for lab spaces.
?	Lack of a faculty syndicate, which could help regulate and formalize the relationship between faculty members and the administration.",,,,,,,,,,,,,,,,,,,,,,,,,,,,,
6,11/14/2025,Female,Married,Faculty of Engineering,Civil Engineering,2011-2015,Associate Professor,Al Kurah,3,Mixed,No,NA,Just right,40-50 hours,Very satisfied,Somewhat satisfied,Very satisfied,Somewhat satisfied,Somewhat satisfied,Somewhat satisfied,Never,No,Very often,Very often,Extremely satisfied,Very satisfied,NA,Extremely often,Very often,Extremely often,Extremely often,Somewhat satisfied,Very satisfied,Very satisfied,Very often,Very often,Very satisfied,Very satisfied,Very satisfied,Very satisfied,Very satisfied,Extremely satisfied,Extremely satisfied,NA,Very satisfied,To a great extent,To a great extent,To some extent,To some extent,To some extent,To some extent,To some extent,To a great extent,To a great extent,To a great extent,Extremely often,Extremely often,More than 3,Extremely often,Yes,Somewhat satisfied,Yes,Yes,Yes,No,Yes,Yes,No,Yes,Yes,Yes,Yes,Yes,Yes,Yes,Yes,Yes,Sometimes,Sometimes,Yes,Yes,Extremely satisfied,Extremely satisfied,Little satisfied,Not at all satisfied,Somewhat satisfied,Very dissatisfied,No,NA,Very unlikely,NA,NA,NA,NA,NA,NA,NA,NA,NA,NA,NA,NA,NA,NA,NA,NA,NA,NA,Somewhat satisfied,Yes,Yes,Somewhat satisfied,,,,,,,,,,,,,,,,,,,,,,,,,,,,,,
7,11/14/2025,Male,Married,Acad‚mie Libanaise des Beaux-Arts,Interior Architecture & Design,<2000,Assistant Professor,Al Kurah,1,19+,No,NA,Just right,25-35 hours,Very satisfied,Very satisfied,Somewhat satisfied,Somewhat satisfied,Very satisfied,Somewhat satisfied,Yes. Served prior to the past 5 academic years.,No,Sometimes,Sometimes,Very satisfied,Very satisfied,Department Chairperson,Very often,Sometimes,Sometimes,Rarely,Somewhat dissatisfied,Very satisfied,Somewhat satisfied,Sometimes,Never,Little satisfied,Little satisfied,Little satisfied,Not at all satisfied,Not at all satisfied,Not at all satisfied,Somewhat satisfied,Neither satisfied nor dissatisfied,Very satisfied,NA,NA,NA,NA,NA,Not at all,Not at all,NA,NA,NA,Rarely,Rarely,NA,Never,No,Somewhat dissatisfied,NA,NA,NA,NA,NA,Yes,Yes,Yes,Yes,Yes,Yes,Yes,Yes,Yes,Yes,No,Never,Rarely,NA,NA,Little satisfied,Little satisfied,Little satisfied,Little satisfied,NA,NA,NA,NA,Neither,NA,NA,NA,NA,NA,NA,NA,NA,NA,NA,NA,NA,NA,NA,NA,NA,NA,NA,Somewhat satisfied,Yes,Yes,Neither satisfied nor dissatisfied,"No questions are being raised regarding transparency!
There is a lack of transparency across all departments, starting from the president to the Provost, HR, and Comptroller?s offices, when it comes to salaries, promotions, and rankings.
The ?when, why, and how? remain unanswered.",,,,,,,,,,,,,,,,,,,,,,,,,,,,,
8,11/14/2025,Male,Married,Faculty of Arts and Sciences,Physics,<2000,Associate Professor,Al Kurah,4,Mixed,Yes,2,Too heavy,25-35 hours,Very satisfied,Very satisfied,Somewhat satisfied,Somewhat satisfied,Very satisfied,Somewhat satisfied,Yes. Serving currently.,Yes,Very often,Very often,Extremely satisfied,Very satisfied,"Associate Dean/ Assistant Dean, Department Chairperson",Very often,Very often,Very often,Sometimes,Somewhat satisfied,Very satisfied,Very satisfied,Very often,Sometimes,Very satisfied,Very satisfied,Very satisfied,Somewhat satisfied,Little satisfied,Extremely satisfied,Very satisfied,Neither satisfied nor dissatisfied,Very satisfied,To some extent,To a great extent,To some extent,To some extent,To some extent,To some extent,To some extent,To a great extent,To a great extent,To some extent,Sometimes,Sometimes,2,Sometimes,Yes,Neither satisfied nor dissatisfied,Yes,Yes,No,No,No,Yes,Yes,Yes,Non Applicable,Yes,Yes,Yes,Yes,Yes,Yes,Yes,Sometimes,Sometimes,Yes,Yes,Very satisfied,Very satisfied,Somewhat satisfied,Somewhat satisfied,Very satisfied,Very dissatisfied,Yes,Somewhat satisfied,Very unlikely,To some extent,Not at all,To some extent,Not at all,Not at all,Not at all,To some extent,Not at all,Not at all,Not at all,Not at all,To a great extent,To a great extent,To a great extent,To a great extent,To a great extent,To a great extent,To some extent,Very satisfied,Yes,Yes,Somewhat satisfied,,,,,,,,,,,,,,,,,,,,,,,,,,,,,,
9,11/14/2025,Female,Married,Issam Fares Faculty of Technology,Aircraft Maintenance,2011-2015,Lecturer,Al Kurah,2,0-5,No,NA,Just right,10-20 hours,Somewhat satisfied,Very satisfied,Little satisfied,Little satisfied,Somewhat satisfied,Not at all satisfied,Never,NA,Sometimes,Very often,Somewhat satisfied,Somewhat satisfied,NA,Very often,Rarely,Very often,Rarely,Very dissatisfied,Somewhat satisfied,Neither satisfied nor dissatisfied,Sometimes,Very often,Little satisfied,Little satisfied,Little satisfied,Little satisfied,Not at all satisfied,Not at all satisfied,Somewhat satisfied,NA,Somewhat satisfied,Not at all,To some extent,To some extent,To some extent,Not at all,To some extent,To some extent,To a great extent,To some extent,To some extent,Rarely,Never,NA,Never,No,Very dissatisfied,No,No,No,No,No,Yes,No,No,No,No,No,No,Yes,Yes,Yes,Yes,Sometimes,Never,No,NA,Little satisfied,Somewhat satisfied,Not at all satisfied,Not at all satisfied,Not applicable,Very dissatisfied,No,NA,Neither,NA,NA,NA,NA,NA,NA,NA,NA,NA,NA,NA,To a great extent,To a great extent,To a great extent,Not at all,To a great extent,To a great extent,To a great extent,Neither satisfied nor dissatisfied,Yes,No,Neither satisfied nor dissatisfied,,,,,,,,,,,,,,,,,,,,,,,,,,,,,,
10,11/14/2025,Female,Married,Faculty of Arts and Sciences,History,<2000,Professor,Al Kurah,3,0-5,Yes,3,Just right,25-35 hours,Somewhat satisfied,Very satisfied,Somewhat satisfied,Somewhat satisfied,Little satisfied,Not at all satisfied,Yes. Serving currently.,Yes,Sometimes,Sometimes,Very satisfied,Very satisfied,Academic Director,Very often,Sometimes,Rarely,Sometimes,Very dissatisfied,Very satisfied,Very dissatisfied,Very often,Very often,Somewhat satisfied,Very satisfied,Very satisfied,Somewhat satisfied,Little satisfied,Very satisfied,Very satisfied,NA,Very satisfied,To a great extent,To a great extent,To some extent,To a great extent,To some extent,To a great extent,To a great extent,To a great extent,To a great extent,To a great extent,Very often,Very often,2,Sometimes,Yes,Somewhat satisfied,Yes,Yes,No,Yes,Yes,Yes,Yes,No,Yes,Yes,Yes,Yes,Yes,Yes,Yes,Yes,Very often,Very often,Yes,Yes,Very satisfied,Very satisfied,Very satisfied,Very satisfied,Not applicable,Very dissatisfied,Yes,Somewhat satisfied,Neither,NA,NA,NA,NA,NA,NA,NA,NA,NA,NA,NA,NA,NA,NA,NA,NA,NA,NA,Very satisfied,Yes,Yes,Somewhat satisfied,I have accomplished most of my academic career at Balamand. I am very proud for the opportunities to write 4 books and many articles and for the participation  and the organisation of many international conferences. During my teaching time I was very happy to communicate useful knowledge and culture to new generation. I   am very thankful for the trust  I get to work with the valuable cultural heritage  of our church.,,,,,,,,,,,,,,,,,,,,,,,,,,,,,
11,11/14/2025,Male,Married,Faculty of Arts and Sciences,Psychology,<2000,Lecturer,Al Kurah,1,19+,No,NA,Just right,40-50 hours,Very satisfied,Very satisfied,Very satisfied,NA,Somewhat satisfied,NA,Yes. Serving currently.,Yes,Very often,Extremely often,Extremely satisfied,Extremely satisfied,Dean,Extremely often,Very often,Extremely often,Rarely,Neither satisfied nor dissatisfied,Extremely satisfied,Very satisfied,Very often,Extremely often,Very satisfied,Extremely satisfied,NA,NA,Somewhat satisfied,Extremely satisfied,Extremely satisfied,NA,Very satisfied,To a great extent,To a great extent,To a great extent,To a great extent,To a great extent,To a great extent,To a great extent,To a great extent,To a great extent,To a great extent,Sometimes,Sometimes,More than 3,Very often,Yes,Neither satisfied nor dissatisfied,Yes,Yes,No,Yes,Yes,Yes,No,No,Non Applicable,Yes,Yes,Yes,Yes,No,Yes,No,Very often,Sometimes,Yes,Yes,Very satisfied,Little satisfied,Somewhat satisfied,Somewhat satisfied,Somewhat satisfied,Very satisfied,No,NA,Somewhat unlikely,NA,NA,NA,NA,NA,NA,NA,NA,NA,NA,NA,To a great extent,To a great extent,To a great extent,To a great extent,To a great extent,To a great extent,To a great extent,Very satisfied,Yes,Yes,Somewhat satisfied,,,,,,,,,,,,,,,,,,,,,,,,,,,,,,
12,11/14/2025,Female,Married,Acad‚mie Libanaise des Beaux-Arts,Interior Architecture & Design,<2000,Assistant Professor,Al Kurah,2,19+,No,NA,Too heavy,40-50 hours,Somewhat satisfied,Very satisfied,Somewhat satisfied,Very satisfied,Very satisfied,Extremely satisfied,Yes. Serving currently.,No,Sometimes,Very often,Extremely satisfied,Very satisfied,Department Chairperson,Very often,Sometimes,Very often,Extremely often,Neither satisfied nor dissatisfied,Very satisfied,Very satisfied,Sometimes,Sometimes,Not at all satisfied,Somewhat satisfied,Somewhat satisfied,Somewhat satisfied,Little satisfied,Little satisfied,Very satisfied,NA,Somewhat satisfied,To a great extent,To a great extent,To some extent,To some extent,Not at all,To a great extent,To some extent,To a great extent,To some extent,To a great extent,Sometimes,Sometimes,1,Sometimes,Yes,Neither satisfied nor dissatisfied,No,No,Yes,No,No,Yes,No,Yes,No,Yes,Yes,Yes,Yes,Yes,Yes,Yes,Very often,Sometimes,Yes,Yes,Somewhat satisfied,Very satisfied,Very satisfied,Very satisfied,Very satisfied,Not applicable,No,NA,Very unlikely,NA,NA,NA,NA,NA,NA,NA,NA,NA,NA,NA,To a great extent,To a great extent,To a great extent,To a great extent,To a great extent,To a great extent,To a great extent,Somewhat satisfied,Yes,Yes,Somewhat satisfied,"Strengthen the university?s public image, media presence, and communication strategy, ensuring consistent and positive exposure across all platforms.

Establish a clearer and more structured advancement track for part-time and full-time faculty, with transparent promotion criteria ? especially for cases where professional experience or terminal creative degrees should count comparably to a PhD in an art faculty context.

Improve facilities and resources at the ALBA Koura campus to match the needs of design, art, and architecture programs.

Provide more opportunities, incentives, and institutional support for research, publications, and creative outputs, especially those that go beyond traditional written research (e.g., artistic production, exhibitions, digital projects, applied design work).",,,,,,,,,,,,,,,,,,,,,,,,,,,,,
13,11/14/2025,Male,Single,Faculty of Arts and Sciences,Physical Education,2024,Post-doc Fellow,Al Kurah,NA,NA,No,NA,Just right,25-35 hours,Extremely satisfied,Very satisfied,Very satisfied,Very satisfied,Extremely satisfied,Very satisfied,Never,NA,Very often,Very often,Very satisfied,Very satisfied,NA,Extremely often,Sometimes,Very often,Rarely,Somewhat satisfied,Very satisfied,Very satisfied,Very often,Extremely often,Extremely satisfied,Extremely satisfied,Very satisfied,Very satisfied,Very satisfied,Little satisfied,Very satisfied,Somewhat satisfied,Very satisfied,To some extent,To some extent,To some extent,To some extent,To a great extent,To a great extent,Not at all,To a great extent,To some extent,Not at all,Extremely often,Extremely often,2,Very often,Yes,Somewhat satisfied,Yes,Yes,Yes,Yes,Yes,Yes,Yes,No,Yes,Yes,Yes,Yes,Yes,Yes,Yes,Yes,Very often,Very often,Yes,Yes,Somewhat satisfied,Somewhat satisfied,Somewhat satisfied,Very satisfied,Very satisfied,Very satisfied,Yes,Somewhat satisfied,Very unlikely,NA,NA,NA,NA,NA,NA,NA,NA,NA,NA,NA,To a great extent,To a great extent,Not at all,To a great extent,Not at all,Not at all,Not at all,Very satisfied,Yes,Yes,Very satisfied,"In a summary, I would like to resume my experience at UOB as excellent, as it is not only our job location , indeed,  it is our second home, despite all the social and economic difficulties that we are passing through.",,,,,,,,,,,,,,,,,,,,,,,,,,,,,
14,11/14/2025,Male,Married,Faculty of Arts and Sciences,Computer Science,2016-2020,Senior Lecturer,Al Kurah,2,12-Jun,No,NA,Too heavy,25-35 hours,Very satisfied,Very satisfied,Very satisfied,Somewhat satisfied,Somewhat satisfied,Somewhat satisfied,Never,NA,Very often,Very often,Extremely satisfied,Extremely satisfied,NA,Very often,Sometimes,Very often,Very often,Somewhat dissatisfied,Very satisfied,Somewhat satisfied,Sometimes,Very often,Very satisfied,Little satisfied,Little satisfied,Little satisfied,Somewhat satisfied,Somewhat satisfied,Little satisfied,NA,Very dissatisfied,To a great extent,To a great extent,To a great extent,To a great extent,To a great extent,To a great extent,To a great extent,To a great extent,To a great extent,To a great extent,Never,Never,NA,Never,No,Somewhat dissatisfied,No,No,No,No,No,Yes,Yes,Yes,Non Applicable,Yes,No,Yes,Yes,Yes,Yes,Yes,Rarely,Rarely,No,NA,Little satisfied,Little satisfied,Little satisfied,Little satisfied,Somewhat dissatisfied,Somewhat dissatisfied,No,NA,Very unlikely,NA,NA,NA,NA,NA,NA,NA,NA,NA,NA,NA,To a great extent,To a great extent,To a great extent,To a great extent,To a great extent,To a great extent,To a great extent,Neither satisfied nor dissatisfied,Yes,Yes,Somewhat dissatisfied,,,,,,,,,,,,,,,,,,,,,,,,,,,,,,
15,11/14/2025,Female,Married,Faculty of Health Sciences,Public Health and Development Sciences,2025,Senior Lecturer,Dekweneh,2,0-5,Yes,1,Just right,10-20 hours,Very satisfied,Very satisfied,Very satisfied,Very satisfied,Somewhat satisfied,Very satisfied,Never,NA,Sometimes,Very often,Very satisfied,Very satisfied,NA,Extremely often,Sometimes,Never,Never,Neither satisfied nor dissatisfied,Very satisfied,Very satisfied,Very often,Very often,Very satisfied,Somewhat satisfied,Somewhat satisfied,NA,Very satisfied,Very satisfied,Somewhat satisfied,NA,NA,To some extent,To some extent,To some extent,To a great extent,To a great extent,To a great extent,To some extent,To some extent,To some extent,To some extent,Extremely often,Extremely often,1,Extremely often,Yes,Neither satisfied nor dissatisfied,NA,NA,NA,NA,NA,NA,NA,NA,NA,NA,NA,NA,NA,NA,NA,NA,NA,NA,NA,NA,NA,NA,NA,NA,NA,NA,NA,NA,NA,NA,NA,NA,NA,NA,NA,NA,NA,NA,NA,NA,NA,NA,NA,NA,NA,NA,NA,NA,NA,NA,NA,`,,,,,,,,,,,,,,,,,,,,,,,,,,,,,
16,11/14/2025,Female,Married,Faculty of Arts and Sciences,History,2016-2020,Associate Professor,Al Kurah,2,0-5,No,NA,Too heavy,40-50 hours,Very satisfied,Extremely satisfied,Somewhat satisfied,Somewhat satisfied,Very satisfied,Very satisfied,Yes. Serving currently.,Yes,Sometimes,Sometimes,Very satisfied,Somewhat satisfied,Academic Director,Very often,Sometimes,Extremely often,Extremely often,Somewhat satisfied,Very satisfied,Very satisfied,Sometimes,NA,Very satisfied,NA,Very satisfied,NA,Very satisfied,Somewhat satisfied,Little satisfied,Very satisfied,Very satisfied,NA,NA,NA,NA,To some extent,To some extent,To some extent,To a great extent,NA,To a great extent,Sometimes,Sometimes,NA,NA,NA,NA,Yes,Yes,No,No,Yes,Yes,NA,No,NA,No,Yes,Yes,Yes,Yes,Yes,Yes,Never,NA,No,NA,Very satisfied,Very satisfied,Little satisfied,Little satisfied,Somewhat satisfied,NA,Yes,Somewhat satisfied,Somewhat unlikely,To some extent,NA,NA,NA,NA,NA,NA,NA,To a great extent,NA,NA,To some extent,NA,NA,NA,NA,NA,NA,Very satisfied,Yes,NA,NA,,,,,,,,,,,,,,,,,,,,,,,,,,,,,,
17,11/14/2025,Male,Married,Faculty of Medicine and Medical Sciences,Medicine,2021,Assistant Professor,Al Kurah,2,19+,No,NA,Much too heavy,40-50 hours,Somewhat satisfied,Somewhat satisfied,Somewhat satisfied,Somewhat satisfied,Somewhat satisfied,Somewhat satisfied,NA,NA,Sometimes,Sometimes,Somewhat satisfied,Somewhat satisfied,NA,Sometimes,Rarely,Very often,Very often,Somewhat dissatisfied,Somewhat satisfied,Somewhat satisfied,Sometimes,Sometimes,Somewhat satisfied,Somewhat satisfied,Somewhat satisfied,Somewhat satisfied,Somewhat satisfied,Very satisfied,Somewhat satisfied,Neither satisfied nor dissatisfied,Somewhat satisfied,To a great extent,To a great extent,To some extent,Not at all,Not at all,Not at all,Not at all,To some extent,Not at all,Not at all,Rarely,Rarely,1,Rarely,No,Somewhat dissatisfied,No,No,No,Yes,No,Yes,No,No,Yes,No,Yes,Yes,Yes,Yes,Yes,Yes,Rarely,Rarely,No,NA,Somewhat satisfied,Somewhat satisfied,Somewhat satisfied,Somewhat satisfied,Very satisfied,Not applicable,No,NA,Somewhat likely,To some extent,To a great extent,Not at all,To some extent,To a great extent,To a great extent,To a great extent,Not at all,To a great extent,To a great extent,Not at all,To some extent,Not at all,Not at all,Not at all,To some extent,To some extent,To some extent,Somewhat satisfied,Yes,Yes,Somewhat dissatisfied,,,,,,,,,,,,,,,,,,,,,,,,,,,,,,
18,11/14/2025,Male,Single,Faculty of Health Sciences,Medical Laboratory Sciences,2022,Associate Professor,Al Kurah,NA,NA,No,NA,Just right,25-35 hours,Very satisfied,Very satisfied,Somewhat satisfied,Very satisfied,Somewhat satisfied,Very satisfied,Never,NA,Very often,Very often,Somewhat satisfied,Very satisfied,NA,Very often,Very often,Very often,Very often,Very satisfied,Somewhat satisfied,Somewhat satisfied,Sometimes,Very often,Somewhat satisfied,Somewhat satisfied,Somewhat satisfied,Somewhat satisfied,Very satisfied,Very satisfied,Extremely satisfied,NA,Very satisfied,To a great extent,To some extent,To a great extent,To some extent,Not at all,To some extent,To a great extent,To a great extent,To a great extent,To a great extent,Very often,Sometimes,NA,Sometimes,Yes,Somewhat dissatisfied,Yes,Yes,Yes,Yes,Yes,Yes,Yes,Yes,Yes,Yes,Yes,Yes,Yes,Yes,Yes,Yes,Very often,Sometimes,Yes,Yes,Somewhat satisfied,Somewhat satisfied,Little satisfied,Somewhat satisfied,Very satisfied,Not applicable,No,NA,Neither,NA,NA,NA,NA,NA,NA,NA,NA,NA,NA,NA,NA,NA,NA,NA,NA,NA,NA,Somewhat satisfied,Yes,Yes,Very satisfied,,,,,,,,,,,,,,,,,,,,,,,,,,,,,,
19,11/14/2025,Female,Married,Faculty of Health Sciences,Medical Laboratory Sciences,2023,Senior Lecturer,Dekweneh,2,Mixed,No,NA,Too heavy,40-50 hours,Very satisfied,Somewhat satisfied,Very satisfied,Very satisfied,Somewhat satisfied,Little satisfied,Never,NA,Sometimes,Very often,Very satisfied,Very satisfied,NA,Very often,Sometimes,Very often,Never,Somewhat satisfied,Very satisfied,Very satisfied,Very often,Rarely,Very satisfied,Somewhat satisfied,Little satisfied,Little satisfied,Very satisfied,Little satisfied,Very satisfied,NA,Neither satisfied nor dissatisfied,To a great extent,To a great extent,To some extent,To a great extent,To some extent,To a great extent,To some extent,To some extent,To some extent,Not at all,Very often,Very often,2,Sometimes,Yes,Somewhat dissatisfied,Yes,Yes,No,No,No,Yes,No,Yes,No,Yes,Yes,Yes,Yes,Yes,Yes,No,Very often,Sometimes,Yes,Yes,Little satisfied,Little satisfied,Somewhat satisfied,Somewhat satisfied,Very satisfied,Somewhat dissatisfied,Yes,Somewhat dissatisfied,Very unlikely,NA,NA,NA,NA,NA,NA,NA,NA,NA,NA,NA,To a great extent,To a great extent,To a great extent,To a great extent,To a great extent,To a great extent,To a great extent,Very satisfied,Yes,Yes,Somewhat satisfied,,,,,,,,,,,,,,,,,,,,,,,,,,,,,,
20,11/14/2025,Female,Married,Faculty of Arts and Sciences,Chemistry,2000-2005,Instructor,Al Kurah,2,13-18,NA,NA,Just right,25-35 hours,Very satisfied,Somewhat satisfied,Somewhat satisfied,Somewhat satisfied,Very satisfied,Not at all satisfied,Never,NA,Sometimes,Sometimes,Very satisfied,Very satisfied,NA,Very often,Extremely often,Sometimes,Sometimes,Somewhat satisfied,Very satisfied,Somewhat satisfied,Very often,Sometimes,Somewhat satisfied,Somewhat satisfied,Very satisfied,Somewhat satisfied,Little satisfied,Very satisfied,Very satisfied,NA,Very satisfied,To a great extent,To a great extent,To some extent,To a great extent,To a great extent,To some extent,Not at all,To a great extent,To some extent,To a great extent,Sometimes,Sometimes,2,Sometimes,Yes,Somewhat satisfied,NA,NA,NA,NA,NA,Yes,No,No,No,Yes,Yes,Yes,Yes,Yes,Yes,Yes,Sometimes,Never,No,NA,Little satisfied,Little satisfied,Somewhat satisfied,Somewhat satisfied,Not applicable,Somewhat satisfied,No,NA,Very unlikely,NA,NA,NA,NA,NA,NA,NA,NA,NA,NA,NA,To a great extent,To a great extent,To some extent,Not at all,To a great extent,To some extent,To a great extent,Somewhat satisfied,Yes,Yes,Somewhat satisfied,,,,,,,,,,,,,,,,,,,,,,,,,,,,,,
21,11/14/2025,Female,Married,Faculty of Business and Management,Business Administration,2006-2010,Professor,Al Kurah,2,19+,No,NA,Too heavy,40-50 hours,Not at all satisfied,Somewhat satisfied,Somewhat satisfied,Somewhat satisfied,Somewhat satisfied,Little satisfied,Yes. Served within the past 5 academic years.,Yes,Sometimes,Sometimes,Somewhat satisfied,Very satisfied,"Dean, Associate Dean/ Assistant Dean, Department Chairperson",Sometimes,Rarely,Rarely,Rarely,Very dissatisfied,Somewhat satisfied,Somewhat satisfied,Sometimes,Rarely,Somewhat satisfied,Somewhat satisfied,Little satisfied,Somewhat satisfied,Little satisfied,Somewhat satisfied,Very satisfied,NA,Somewhat satisfied,To a great extent,To a great extent,To a great extent,To some extent,To some extent,To some extent,Not at all,To a great extent,To a great extent,NA,Sometimes,Rarely,1,Rarely,NA,Somewhat satisfied,No,Yes,No,No,No,NA,Yes,Yes,Yes,NA,NA,No,NA,No,Yes,NA,Rarely,Rarely,Yes,Yes,Extremely satisfied,Somewhat satisfied,Not at all satisfied,Not at all satisfied,Not applicable,Not applicable,No,NA,Very unlikely,To a great extent,To a great extent,To a great extent,NA,NA,To a great extent,To a great extent,NA,NA,NA,NA,To a great extent,To a great extent,NA,NA,To a great extent,To a great extent,To a great extent,Somewhat satisfied,NA,NA,Somewhat dissatisfied,"Transparency is lacking. Financial matters are unclear, chaotic and could be run in much more effective and respectful ways. No other university of equal or even lower standing suffer from the kind of ambiguities and inequities in its handling of our financial rights.  We are always left in the dark when it comes to our salaries. Our end-of-service indemnities are being diluted by inflationary pressures. These remarks are facts and not opinions,  and are widely shared by both faculty and staff.",,,,,,,,,,,,,,,,,,,,,,,,,,,,,
22,11/14/2025,Female,Married,Faculty of Business and Management,Business Administration,<2000,Associate Professor,Al Kurah,2,19+,Yes,2,Much too heavy,40-50 hours,Not at all satisfied,Not at all satisfied,Very satisfied,Very satisfied,Somewhat satisfied,Little satisfied,Yes. Serving currently.,Yes,Very often,Rarely,Not at all satisfied,Very satisfied,Department Chairperson,Extremely often,Very often,Extremely often,Extremely often,Very dissatisfied,Little satisfied,Somewhat dissatisfied,Rarely,Sometimes,Somewhat satisfied,Somewhat satisfied,Somewhat satisfied,Somewhat satisfied,Little satisfied,Very satisfied,Extremely satisfied,NA,Somewhat satisfied,To a great extent,To a great extent,To a great extent,To some extent,To some extent,Not at all,To some extent,To a great extent,To a great extent,NA,Sometimes,Very often,3,Rarely,No,Somewhat dissatisfied,No,No,No,No,Yes,No,Yes,Yes,Yes,Yes,No,No,No,No,Yes,Yes,Rarely,Sometimes,No,NA,Somewhat satisfied,Somewhat satisfied,Not at all satisfied,Little satisfied,Somewhat satisfied,Not applicable,No,NA,Very unlikely,NA,NA,NA,NA,NA,NA,NA,NA,NA,NA,NA,To a great extent,To a great extent,NA,To a great extent,To a great extent,To a great extent,To a great extent,Somewhat dissatisfied,No,Yes,Somewhat dissatisfied,"I am satisfied being a Balamandian and working with my colleagues at the Career Services Center, the Office of Data and Institutional Research, and my colleagues at the Faculty, as we truly operate as one family. I also appreciate the collaboration with faculty members across other faculties. My sense of organizational citizenship is what keeps me committed and motivated to continue working.
However, most other aspects of my work environment are not satisfactory. Thank you for conducting this survey; it is the first time someone has asked for our input. I hope it leads to meaningful change, although I must honestly say that my expectations remain low.",,,,,,,,,,,,,,,,,,,,,,,,,,,,,
23,11/14/2025,Male,Single,Faculty of Arts and Sciences,Chemistry,2000-2005,Professor,Al Kurah,NA,NA,No,NA,Too heavy,25-35 hours,Very satisfied,Very satisfied,Little satisfied,Somewhat satisfied,Very satisfied,Very satisfied,Yes. Served within the past 5 academic years.,Yes,Sometimes,Very often,Very satisfied,Extremely satisfied,Department Chairperson,Very often,Very often,Very often,Very often,Neither satisfied nor dissatisfied,Extremely satisfied,Somewhat satisfied,Sometimes,Sometimes,Somewhat satisfied,Somewhat satisfied,Extremely satisfied,Somewhat satisfied,Not at all satisfied,Extremely satisfied,Extremely satisfied,NA,Very satisfied,To some extent,To a great extent,To some extent,Not at all,NA,To some extent,To some extent,To a great extent,To a great extent,NA,Sometimes,Sometimes,1,Sometimes,Yes,Very dissatisfied,Yes,Yes,No,No,No,Yes,Yes,Yes,Yes,No,No,Yes,No,Yes,Yes,No,Very often,Sometimes,Yes,Yes,Extremely satisfied,Very satisfied,Somewhat satisfied,Little satisfied,Somewhat satisfied,Not applicable,No,NA,Very unlikely,NA,NA,NA,NA,NA,NA,NA,NA,NA,NA,NA,To a great extent,To a great extent,To a great extent,To a great extent,To a great extent,To a great extent,To a great extent,Somewhat satisfied,Yes,Yes,Neither satisfied nor dissatisfied,More COMMUNICATION is needed with the President. Decisions are taken and we know everything in the last minute. BALAMAND is our HOME. We need to feel a Family again.,,,,,,,,,,,,,,,,,,,,,,,,,,,,,
24,11/14/2025,Male,Divorced,Faculty of Engineering,Electrical Engineering,<2000,Professor,Al Kurah,NA,NA,Yes,1,Too heavy,40-50 hours,Little satisfied,Very satisfied,Little satisfied,Little satisfied,Very satisfied,Somewhat satisfied,Yes. Served prior to the past 5 academic years.,Yes,Very often,Sometimes,Somewhat satisfied,Somewhat satisfied,Department Chairperson,Very often,Sometimes,Sometimes,Sometimes,Somewhat satisfied,Somewhat satisfied,Somewhat satisfied,Very often,Sometimes,Somewhat satisfied,Not at all satisfied,Very satisfied,Extremely satisfied,Very satisfied,Very satisfied,Very satisfied,Neither satisfied nor dissatisfied,Very satisfied,To some extent,To some extent,To a great extent,To some extent,To some extent,Not at all,To some extent,To a great extent,To a great extent,To a great extent,Sometimes,Sometimes,3,Sometimes,Yes,Somewhat satisfied,Yes,Yes,Yes,No,Yes,Yes,Yes,No,Yes,Yes,Yes,No,No,No,No,No,Sometimes,Sometimes,Yes,Yes,Very satisfied,Little satisfied,Not at all satisfied,Not at all satisfied,Somewhat satisfied,Very dissatisfied,No,NA,Somewhat unlikely,To a great extent,To some extent,To some extent,To some extent,To some extent,To some extent,To some extent,Not at all,Not at all,To some extent,To some extent,To a great extent,To a great extent,To a great extent,To some extent,To some extent,To some extent,To some extent,Somewhat satisfied,Yes,Yes,Somewhat satisfied,,,,,,,,,,,,,,,,,,,,,,,,,,,,,,
25,11/14/2025,Female,Married,Faculty of Arts and Sciences,Mass Media and Communications,2011-2015,Associate Professor,Al Kurah,1,13-18,Yes,1,Much too heavy,40-50 hours,Somewhat satisfied,Very satisfied,Somewhat satisfied,Very satisfied,Somewhat satisfied,Somewhat satisfied,Yes. Served prior to the past 5 academic years.,Yes,Very often,Very often,Very satisfied,Extremely satisfied,NA,Extremely often,Rarely,Never,Extremely often,Very dissatisfied,Extremely satisfied,Very satisfied,Rarely,Very often,Not at all satisfied,Not at all satisfied,Not at all satisfied,Little satisfied,Somewhat satisfied,Very satisfied,Extremely satisfied,NA,NA,To a great extent,To some extent,To a great extent,Not at all,Not at all,To some extent,Not at all,To a great extent,To some extent,NA,Sometimes,Sometimes,1,Rarely,Yes,Somewhat dissatisfied,Yes,Yes,No,No,Yes,Yes,Yes,Yes,No,NA,Yes,No,No,NA,Yes,NA,Very often,Rarely,NA,NA,Little satisfied,Little satisfied,Not at all satisfied,Not at all satisfied,Not applicable,Very dissatisfied,No,NA,Neither,To a great extent,To some extent,To a great extent,Not at all,To a great extent,NA,Not at all,Not at all,Not at all,Not at all,To some extent,To a great extent,To a great extent,To a great extent,To a great extent,To a great extent,To some extent,To a great extent,Somewhat dissatisfied,NA,NA,Neither satisfied nor dissatisfied,"During the forum, you asked whether faculty members are fully aware of university policies. While these policies certainly exist, true understanding requires more than receiving an email or seeing them posted on the website. There is a real need for a policy briefing session?a clear, structured space where these policies are explained, contextualized, and discussed so that everyone can genuinely grasp them.

Although I remain at UOB, it is neither because of the salary?far from satisfying?nor because of the promotion system, which, while I would not call it unfair, often feels misaligned with the true value of our professional work. I genuinely wish it would recognize more strongly the dual pillars that define many of us: our academic research and our professional accomplishments, especially for those who contribute significantly to the field beyond the classroom. What keeps us here is something much deeper: our long-standing love for UOB, our passion for teaching, our attachment to our department, and the meaningful bonds we build with our students?our ?kids.? Yet it feels disheartening that the university does not always see or value these efforts. In my case, although I meet my formal teaching load like everyone else, I dedicate at least 15 to 20 extra hours every week to students? practical projects outside the university?hours not required by the department, yet essential for their growth, confidence, and readiness for the market. These efforts remain invisible, uncounted, and unacknowledged in the university?s communication or evaluation systems.

Another point concerns the possibility of requesting a reduced teaching load. Although our workload is extremely demanding, the only path to reduced load is through research. I am actively engaged in research and equally committed to my professional responsibilities; however, none of the extensive professional work I do?despite its direct benefit to our students and to the university?s visibility?can be counted toward eligibility. This is understandable from a procedural standpoint, yet it creates an impossible condition: to request a reduced load, I must be on campus four days a week, while in reality I am dedicating 15 to 20 hours weekly outside the classroom supervising students in hands-on practical projects outside the university. These efforts, which perfectly align with UOB?s mission of experiential learning and its promise to the market, ironically make me ineligible under the current criteria.

What is also strongly needed is the establishment of a dedicated, professional office that supports faculty with their publications. Such an office would guide researchers in selecting journals that match their field, their topic, and the university?s academic scope. This type of structured support is essential and would significantly increase the number and quality of publications produced by our faculty. Researchers would no longer have to navigate alone the complexity of journal legitimacy, indexing, evaluation, and scope. Instead, they could focus entirely on producing meaningful research, trusting that the institution is walking beside them throughout the publication journey.

What I feel?and what so many colleagues share privately?is that the university simply does not see us. We do not feel seen. Decisions are made from top to bottom, and while I fully respect institutional hierarchy, many of these decisions are not communicated. Semesters begin and sometimes end without faculty members knowing about their salary, how their salary is calculated or what their compensation will be, if any. This constant uncertainty, this quiet but heavy worry about something as fundamental as our livelihood, weighs deeply on us. And what hurts most is that the university does not reach out to reassure its own family that things are in progress, that we are taken care of, that there is no need to fear the unknown.

What is important to emphasize is that in any institution, the internal public?its own people?must come first. Transparent, consistent, and caring communication with the internal public is not only necessary, it is more important than external communication. When faculty and staff feel informed, valued, and spoken to with respect and genuine consideration, they naturally become the university?s strongest ambassadors. A satisfied internal public reflects a positive image outwardly, speaks well of the institution, elevates its reputation, and stands by it with pride. This is why investing in internal communication?clarity, empathy, and AUTHENTIC HUMAN CONNECTION ?is absolutely crucial for trust, loyalty, and institutional credibility.",,,,,,,,,,,,,,,,,,,,,,,,,,,,,
26,11/14/2025,Female,Married,Faculty of Arts and Sciences,Chemistry,2000-2005,Professor,Al Kurah,1,19+,No,NA,Just right,25-35 hours,Very satisfied,Very satisfied,Little satisfied,Somewhat satisfied,Somewhat satisfied,Somewhat satisfied,Never,Yes,Sometimes,Sometimes,Very satisfied,Very satisfied,NA,Very often,Sometimes,Sometimes,Sometimes,Neither satisfied nor dissatisfied,Very satisfied,Somewhat satisfied,Sometimes,Sometimes,Very satisfied,Somewhat satisfied,Somewhat satisfied,Somewhat satisfied,Very satisfied,Very satisfied,Somewhat satisfied,NA,Somewhat satisfied,To some extent,To some extent,To some extent,To some extent,To some extent,Not at all,Not at all,To some extent,To some extent,To some extent,Sometimes,Sometimes,NA,Sometimes,Yes,Somewhat satisfied,Yes,Yes,No,No,No,Yes,Yes,Yes,Non Applicable,Yes,Yes,Yes,Yes,Yes,Yes,Yes,Very often,Very often,Yes,Yes,Very satisfied,Very satisfied,Somewhat satisfied,Little satisfied,Somewhat satisfied,Not applicable,No,NA,Very unlikely,NA,NA,NA,NA,NA,NA,NA,NA,NA,NA,NA,To a great extent,To a great extent,Not at all,To a great extent,To some extent,To some extent,To some extent,Somewhat satisfied,Yes,Yes,Neither satisfied nor dissatisfied,,,,,,,,,,,,,,,,,,,,,,,,,,,,,,
27,11/14/2025,Male,Single,Faculty of Arts and Sciences,Physical Education,2023,Post-doc Fellow,Al Kurah,NA,NA,No,NA,Just right,25-35 hours,Not at all satisfied,Extremely satisfied,Somewhat satisfied,Somewhat satisfied,Very satisfied,Very satisfied,Never,NA,Very often,Sometimes,Little satisfied,Little satisfied,NA,Sometimes,Rarely,Rarely,Sometimes,Neither satisfied nor dissatisfied,Not at all satisfied,Somewhat satisfied,Sometimes,Never,Very satisfied,Somewhat satisfied,Somewhat satisfied,Somewhat satisfied,Somewhat satisfied,Very satisfied,Very satisfied,NA,Very satisfied,Not at all,Not at all,Not at all,Not at all,Not at all,Not at all,Not at all,Not at all,Not at all,Not at all,Sometimes,Sometimes,2,Sometimes,Yes,Very dissatisfied,Yes,Yes,No,Yes,No,No,No,No,No,No,No,No,No,No,Yes,No,Rarely,Rarely,Yes,No,Little satisfied,Not at all satisfied,Little satisfied,Not at all satisfied,Somewhat dissatisfied,Somewhat dissatisfied,No,NA,Very unlikely,Not at all,Not at all,Not at all,Not at all,Not at all,Not at all,Not at all,Not at all,Not at all,Not at all,Not at all,Not at all,Not at all,Not at all,Not at all,Not at all,Not at all,Not at all,Neither satisfied nor dissatisfied,Yes,Yes,Somewhat dissatisfied,"Make place for the young doctors, enough with the old unqualified doctors especially the ones with no degree",,,,,,,,,,,,,,,,,,,,,,,,,,,,,
28,11/14/2025,Male,Married,Faculty of Engineering,Electrical Engineering,2000-2005,,Al Kurah,1,19+,NA,NA,Just right,40-50 hours,Extremely satisfied,Extremely satisfied,Somewhat satisfied,Somewhat satisfied,Very satisfied,Little satisfied,Never,NA,Very often,Very often,Very satisfied,Extremely satisfied,NA,Very often,Sometimes,Extremely often,Sometimes,Very satisfied,Very satisfied,Very satisfied,Very often,Very often,Very satisfied,Very satisfied,Extremely satisfied,Very satisfied,Little satisfied,Extremely satisfied,Somewhat satisfied,NA,Very satisfied,To a great extent,To a great extent,To a great extent,To some extent,To some extent,To a great extent,To some extent,To some extent,To some extent,To a great extent,Sometimes,Sometimes,NA,Sometimes,Yes,Somewhat satisfied,Yes,Yes,No,Yes,Yes,Yes,No,No,Yes,Yes,Yes,Yes,Yes,Yes,Yes,No,Very often,Sometimes,Yes,Yes,Very satisfied,Somewhat satisfied,Very satisfied,Very satisfied,Very satisfied,Not applicable,No,NA,Very unlikely,NA,NA,NA,NA,NA,NA,NA,NA,NA,NA,NA,To a great extent,To a great extent,Not at all,To some extent,To some extent,To some extent,Not at all,Very satisfied,Yes,Yes,Somewhat dissatisfied,,,,,,,,,,,,,,,,,,,,,,,,,,,,,,
29,11/14/2025,Female,Married,Faculty of Arts and Sciences,Psychology,2011-2015,Instructor,Dekweneh,6+,Mixed,No,NA,Too light,40-50 hours,Not at all satisfied,Not at all satisfied,Not at all satisfied,Not at all satisfied,Somewhat satisfied,Not at all satisfied,Yes. Served prior to the past 5 academic years.,Yes,Extremely often,Never,Little satisfied,Little satisfied,Department Chairperson,Sometimes,Never,Never,Extremely often,Very dissatisfied,Not at all satisfied,Very dissatisfied,Never,Never,Not at all satisfied,Not at all satisfied,Not at all satisfied,Not at all satisfied,Not at all satisfied,Not at all satisfied,Not at all satisfied,Very dissatisfied,Very dissatisfied,Not at all,Not at all,Not at all,Not at all,Not at all,Not at all,Not at all,Not at all,Not at all,Not at all,Never,Rarely,1,Never,No,Very dissatisfied,Yes,No,No,No,No,No,No,No,No,No,No,No,No,No,No,No,Never,Never,No,NA,Not at all satisfied,Not at all satisfied,Not at all satisfied,Not at all satisfied,Very dissatisfied,Very dissatisfied,No,NA,Very likely,To a great extent,To a great extent,To a great extent,To a great extent,To a great extent,To a great extent,To a great extent,To a great extent,To a great extent,To a great extent,To a great extent,To a great extent,To a great extent,To a great extent,To a great extent,To a great extent,To a great extent,To a great extent,Very dissatisfied,No,No,Very dissatisfied,"UOB's reputation as a respected university has been spiraling down. It lost its ability to recruit competitive students and maintain expert faculty members among its ranks. This is partly to to the absence of expert academicians and faculty members who have extensive experience in academic life, building an academic culture and in academic administration (not business administration). UOB needs to return to being a university not a cash generator. UOB needs to go back to its roots and stop following the business model.",,,,,,,,,,,,,,,,,,,,,,,,,,,,,
30,11/15/2025,Female,Married,Faculty of Arts and Sciences,Biology,2011-2015,Associate Professor,Al Kurah,2,0-5,Yes,2,Just right,25-35 hours,Little satisfied,Somewhat satisfied,Somewhat satisfied,Not at all satisfied,Somewhat satisfied,Little satisfied,Yes. Served within the past 5 academic years.,Yes,Sometimes,Sometimes,Somewhat satisfied,Somewhat satisfied,Department Chairperson,Sometimes,Sometimes,Sometimes,Sometimes,Somewhat dissatisfied,Very satisfied,Somewhat satisfied,Rarely,Sometimes,Somewhat satisfied,Somewhat satisfied,Somewhat satisfied,Somewhat satisfied,Somewhat satisfied,Somewhat satisfied,Somewhat satisfied,Neither satisfied nor dissatisfied,Very satisfied,To some extent,To some extent,To some extent,To some extent,To some extent,Not at all,Not at all,To a great extent,To some extent,To some extent,Sometimes,Sometimes,1,Rarely,No,Neither satisfied nor dissatisfied,Yes,Yes,No,No,No,No,Yes,Yes,Yes,Yes,Yes,No,No,Yes,Yes,No,Rarely,Rarely,No,NA,Somewhat satisfied,Somewhat satisfied,Not at all satisfied,Not at all satisfied,Very dissatisfied,Very dissatisfied,Yes,Neither satisfied nor dissatisfied,Very unlikely,NA,NA,NA,NA,NA,NA,NA,NA,NA,NA,NA,To a great extent,To a great extent,To a great extent,To a great extent,To a great extent,To a great extent,To a great extent,Somewhat dissatisfied,No,Yes,Neither satisfied nor dissatisfied,Maternity leave of 30 days is unacceptable.,,,,,,,,,,,,,,,,,,,,,,,,,,,,,
31,11/15/2025,Female,Single,Faculty of Arts and Sciences,Biology,2023,Professor,Dekweneh,NA,NA,No,NA,Just right,40-50 hours,Very satisfied,Extremely satisfied,Very satisfied,Very satisfied,Extremely satisfied,Very satisfied,Never,NA,Very often,Very often,Extremely satisfied,Extremely satisfied,NA,Extremely often,Very often,Rarely,Never,Very satisfied,Very satisfied,Very satisfied,Very often,Very often,Somewhat satisfied,Very satisfied,Very satisfied,Very satisfied,Very satisfied,Extremely satisfied,Very satisfied,NA,Very satisfied,To a great extent,To a great extent,To a great extent,To a great extent,To a great extent,To a great extent,To a great extent,Not at all,To a great extent,Not at all,Very often,Sometimes,1,Sometimes,Yes,Very satisfied,Yes,Yes,No,Yes,Yes,Yes,No,No,Non Applicable,Yes,Yes,Yes,Yes,Yes,Yes,Yes,Very often,Sometimes,Yes,Yes,Very satisfied,Very satisfied,Very satisfied,Somewhat satisfied,Not applicable,Not applicable,No,NA,Very unlikely,NA,NA,NA,NA,NA,NA,NA,NA,NA,NA,NA,To a great extent,To a great extent,To a great extent,To a great extent,To a great extent,To a great extent,To a great extent,Somewhat satisfied,Yes,Yes,Very satisfied,,,,,,,,,,,,,,,,,,,,,,,,,,,,,,
32,11/15/2025,Male,Married,Faculty of Engineering,Civil Engineering,2016-2020,Professor,Al Kurah,2,13-18,No,NA,Just right,40-50 hours,Very satisfied,Very satisfied,Somewhat satisfied,Somewhat satisfied,Very satisfied,Somewhat satisfied,Yes. Serving currently.,Yes,Very often,Very often,Very satisfied,Very satisfied,Associate Dean/ Assistant Dean,Very often,Very often,Sometimes,Sometimes,Somewhat satisfied,Very satisfied,Somewhat satisfied,Sometimes,Very often,Very satisfied,Very satisfied,Very satisfied,Very satisfied,Somewhat satisfied,Very satisfied,Very satisfied,Somewhat satisfied,Somewhat satisfied,To a great extent,To a great extent,To a great extent,To a great extent,To some extent,To a great extent,To a great extent,To a great extent,To a great extent,To a great extent,Very often,Very often,More than 3,Sometimes,Yes,Very dissatisfied,Yes,No,Yes,Yes,Yes,Yes,Yes,Yes,Yes,Yes,Yes,Yes,Yes,Yes,Yes,Yes,Sometimes,Sometimes,Yes,Yes,Very satisfied,Somewhat satisfied,Somewhat satisfied,Somewhat satisfied,Somewhat dissatisfied,Somewhat dissatisfied,Yes,Somewhat dissatisfied,Somewhat unlikely,To a great extent,To some extent,To some extent,To some extent,To some extent,To some extent,To a great extent,To some extent,To some extent,To some extent,To a great extent,To a great extent,To a great extent,To a great extent,To a great extent,To a great extent,To a great extent,To a great extent,Very satisfied,Yes,Yes,Somewhat satisfied,,,,,,,,,,,,,,,,,,,,,,,,,,,,,,
33,11/15/2025,Male,Married,Faculty of Arts and Sciences,Physical Education,2011-2015,Professor,Al Kurah,0,NA,No,NA,Just right,40-50 hours,Very satisfied,Very satisfied,Little satisfied,Somewhat satisfied,Somewhat satisfied,Little satisfied,Yes. Serving currently.,Yes,Very often,Very often,Very satisfied,Very satisfied,Department Chairperson,Very often,Sometimes,Sometimes,Sometimes,Somewhat satisfied,Very satisfied,Very satisfied,Extremely often,Extremely often,Very satisfied,Somewhat satisfied,Very satisfied,Very satisfied,Not at all satisfied,Somewhat satisfied,Extremely satisfied,Neither satisfied nor dissatisfied,Somewhat satisfied,To a great extent,To a great extent,To some extent,To some extent,To a great extent,To some extent,To some extent,To a great extent,To a great extent,Not at all,Sometimes,Sometimes,1,Very often,Yes,Very satisfied,Yes,Yes,Yes,Yes,Yes,Yes,Yes,Yes,Yes,Yes,Yes,Yes,Yes,Yes,Yes,Yes,Extremely often,Sometimes,No,NA,Extremely satisfied,Somewhat satisfied,Somewhat satisfied,Somewhat satisfied,Somewhat satisfied,Not applicable,No,NA,Somewhat unlikely,NA,NA,NA,NA,NA,NA,NA,NA,NA,NA,NA,To a great extent,To a great extent,To a great extent,To a great extent,To a great extent,To a great extent,To a great extent,Somewhat satisfied,Yes,No,Very dissatisfied,"Although the University bylaws include clear procedures for demotion, these procedures are not being implemented. Moreover, there are no effective accountability measures in place for staff and faculty members who commit serious misconducts.",,,,,,,,,,,,,,,,,,,,,,,,,,,,,
34,11/15/2025,Female,Married,Faculty of Arts and Sciences,Education,2022,Assistant Professor,Al Kurah,1,0?5,NA,NA,Much too heavy,40-50 hours,Somewhat satisfied,Very satisfied,Little satisfied,Somewhat satisfied,Somewhat satisfied,Little satisfied,Yes. Serving currently.,No,Very often,Very often,Very satisfied,Very satisfied,Academic Director,Very often,Sometimes,Never,NA,Very dissatisfied,Very satisfied,Somewhat satisfied,Very often,Sometimes,Little satisfied,Not at all satisfied,Somewhat satisfied,NA,Not at all satisfied,Very satisfied,Extremely satisfied,NA,Somewhat satisfied,To some extent,To some extent,To some extent,To some extent,Not at all,Not at all,Not at all,To a great extent,To a great extent,NA,Sometimes,Rarely,NA,Sometimes,No,Neither satisfied nor dissatisfied,Yes,Yes,Yes,No,Yes,No,No,Yes,No,No,No,Yes,No,No,Yes,No,Rarely,Sometimes,Yes,Yes,Very satisfied,Somewhat satisfied,Not at all satisfied,Not at all satisfied,Somewhat dissatisfied,Very dissatisfied,No,NA,Very unlikely,NA,NA,NA,NA,NA,NA,NA,NA,NA,NA,NA,NA,NA,NA,NA,NA,NA,NA,Somewhat dissatisfied,Yes,Yes,Neither satisfied nor dissatisfied,"The biggest issue that has led to my feelings of dissatisfaction are the lack of communication from the upper administration. In addition, and connected obviously to the lack of communication, is the very low salary. It is completely inadequate compared to the amount of work I perform for UOB - and we have yet to be informed of if and when our salaries will be increased. Furthermore, there has been no expression of appreciation or encouragement regarding the fact that we are working at such a high level despite the fact that we are not being compensated appropriately. There is also a lack of progress in the development of our facilities - we have to almost beg the support staff to get projectors fixed. We should be able to walk into a classroom that is fully equipped and not have to pick up and drop off a remote that sometimes doesn't even work. Similarly, the ACs should be turned on in the mornings on hot days - we should not have to go searching for the remote.",,,,,,,,,,,,,,,,,,,,,,,,,,,,,
35,11/15/2025,Female,Married,Faculty of Medicine and Medical Sciences,Medicine,2022,Assistant Professor,Al Kurah,2,6?12,No,NA,Just right,10-20 hours,Very satisfied,Very satisfied,Very satisfied,Somewhat satisfied,Somewhat satisfied,Very satisfied,Yes. Serving currently.,No,Very often,Very often,Very satisfied,Very satisfied,Academic Director,Very often,Very often,Sometimes,Rarely,Somewhat satisfied,Very satisfied,Somewhat satisfied,Extremely often,Very often,Very satisfied,Very satisfied,Very satisfied,Very satisfied,Very satisfied,Very satisfied,Extremely satisfied,Neither satisfied nor dissatisfied,Very satisfied,To a great extent,To a great extent,To a great extent,To a great extent,To a great extent,To a great extent,To a great extent,To a great extent,To a great extent,To a great extent,Very often,Sometimes,3,Very often,Yes,Somewhat satisfied,No,No,No,Yes,Yes,Yes,Yes,Yes,Yes,Yes,Yes,Yes,Yes,Yes,Yes,Yes,Sometimes,Very often,Yes,Yes,Very satisfied,Very satisfied,Somewhat satisfied,Somewhat satisfied,Very satisfied,Somewhat satisfied,No,NA,Neither,To some extent,To some extent,To some extent,Not at all,To some extent,Not at all,Not at all,Not at all,To some extent,Not at all,To some extent,To some extent,To some extent,To some extent,To some extent,To a great extent,To some extent,To a great extent,Somewhat satisfied,Yes,Yes,Somewhat satisfied,,,,,,,,,,,,,,,,,,,,,,,,,,,,,,
36,11/15/2025,Female,Married,Faculty of Business and Management,Business Administration,2024,Assistant Professor,Al Kurah,3,0?5,No,NA,Much too heavy,25-35 hours,Not at all satisfied,Not at all satisfied,Somewhat satisfied,Very satisfied,Somewhat satisfied,Very satisfied,Never,NA,Rarely,Never,Not at all satisfied,Very satisfied,NA,Very often,Never,Sometimes,Very often,Very dissatisfied,Little satisfied,Somewhat dissatisfied,Sometimes,Never,Somewhat satisfied,Somewhat satisfied,Somewhat satisfied,Somewhat satisfied,Very satisfied,Very satisfied,Very satisfied,Neither satisfied nor dissatisfied,Somewhat satisfied,NA,NA,NA,NA,NA,Not at all,NA,NA,NA,NA,Never,Never,NA,Rarely,NA,Somewhat dissatisfied,No,NA,NA,No,No,No,No,NA,NA,No,No,No,No,No,Yes,No,Rarely,Rarely,NA,NA,Very satisfied,Not at all satisfied,Not at all satisfied,Little satisfied,Not applicable,Not applicable,No,NA,Very likely,NA,NA,NA,NA,NA,To a great extent,NA,NA,NA,NA,To a great extent,NA,NA,NA,NA,To a great extent,NA,NA,Very dissatisfied,No,No,Very satisfied,"Very bad experience, unprofessional, dishonest, will send an email to the President explaining everything that is going on!",,,,,,,,,,,,,,,,,,,,,,,,,,,,,
37,11/16/2025,Male,Married,Faculty of Arts and Sciences,Biology,2006-2010,Professor,Al Kurah,2,6?12,No,NA,Too heavy,25-35 hours,Somewhat satisfied,Very satisfied,Somewhat satisfied,Somewhat satisfied,Somewhat satisfied,Extremely satisfied,Yes. Served prior to the past 5 academic years.,Yes,Sometimes,Very often,Very satisfied,Extremely satisfied,Department Chairperson,Very often,Very often,Rarely,Rarely,Neither satisfied nor dissatisfied,Very satisfied,Somewhat satisfied,Very often,Sometimes,Very satisfied,Somewhat satisfied,Somewhat satisfied,Somewhat satisfied,Little satisfied,Very satisfied,Very satisfied,NA,Very satisfied,To some extent,To a great extent,To a great extent,To some extent,To some extent,To some extent,To some extent,To a great extent,To some extent,To a great extent,Very often,Sometimes,2,Sometimes,Yes,Somewhat satisfied,No,Yes,Yes,No,Yes,Yes,Yes,No,Non Applicable,Yes,Yes,Yes,Yes,Yes,Yes,Yes,Sometimes,Very often,Yes,Yes,Very satisfied,Very satisfied,Somewhat satisfied,Little satisfied,Not applicable,Somewhat dissatisfied,No,NA,Very unlikely,To some extent,To a great extent,To some extent,Not at all,To some extent,Not at all,To some extent,Not at all,To some extent,Not at all,Not at all,To some extent,To some extent,To a great extent,To some extent,To some extent,To some extent,To some extent,Somewhat satisfied,Yes,Yes,Somewhat satisfied,,,,,,,,,,,,,,,,,,,,,,,,,,,,,,
38,11/17/2025,Male,Married,Issam Fares Faculty of Technology,Telecommunications & Networks,2011-2015,Associate Professor,Akkar,3,Mixed,Yes,2,Just right,25-35 hours,Very satisfied,Very satisfied,Little satisfied,NA,Somewhat satisfied,NA,Yes. Serving currently.,Yes,Very often,Very often,Very satisfied,Somewhat satisfied,Department Chairperson,Very often,Sometimes,Very often,Sometimes,Somewhat satisfied,Very satisfied,Somewhat satisfied,Sometimes,Very often,Somewhat satisfied,Somewhat satisfied,Somewhat satisfied,Somewhat satisfied,Very satisfied,Very satisfied,Somewhat satisfied,NA,Very satisfied,To a great extent,To a great extent,To some extent,To some extent,To some extent,To some extent,To some extent,To some extent,To some extent,To some extent,Sometimes,Sometimes,1,Very often,Yes,Somewhat satisfied,Yes,Yes,No,Yes,No,Yes,Yes,Yes,Yes,Yes,Yes,Yes,Yes,Yes,Yes,Yes,Very often,Sometimes,Yes,Yes,Very satisfied,Somewhat satisfied,Somewhat satisfied,Somewhat satisfied,Somewhat satisfied,Somewhat satisfied,No,NA,Somewhat unlikely,NA,NA,NA,NA,NA,NA,NA,NA,NA,NA,NA,To a great extent,To a great extent,To some extent,To some extent,To a great extent,To some extent,To a great extent,Somewhat satisfied,Yes,Yes,Neither satisfied nor dissatisfied,,,,,,,,,,,,,,,,,,,,,,,,,,,,,,
39,11/17/2025,Female,Married,Faculty of Arts and Sciences,Psychology - Clinical Psychology,2025,Lecturer,Al Kurah,2,Mixed,Yes,1,Much too heavy,40-50 hours,Not at all satisfied,Little satisfied,Somewhat satisfied,Somewhat satisfied,Very satisfied,Somewhat satisfied,Never,NA,Sometimes,Sometimes,Somewhat satisfied,Very satisfied,NA,Very often,Rarely,Very often,Rarely,Somewhat dissatisfied,Somewhat satisfied,Somewhat satisfied,Rarely,Sometimes,Somewhat satisfied,Somewhat satisfied,Somewhat satisfied,Somewhat satisfied,Not at all satisfied,Not at all satisfied,Very satisfied,Neither satisfied nor dissatisfied,Very satisfied,To a great extent,To a great extent,To some extent,To some extent,To some extent,To some extent,To some extent,To some extent,To some extent,To some extent,Rarely,Rarely,1,Sometimes,No,Very dissatisfied,No,Yes,Yes,No,No,No,No,No,No,Yes,No,No,Yes,No,Yes,No,Rarely,Rarely,No,NA,Not at all satisfied,Not at all satisfied,Not at all satisfied,Not at all satisfied,Somewhat dissatisfied,Very dissatisfied,No,NA,Neither,To a great extent,To a great extent,To a great extent,NA,To a great extent,To a great extent,NA,NA,NA,NA,NA,To a great extent,Not at all,To a great extent,To a great extent,To a great extent,To a great extent,To a great extent,Neither satisfied nor dissatisfied,NA,Yes,Somewhat satisfied,,,,,,,,,,,,,,,,,,,,,,,,,,,,,,
40,11/17/2025,Male,Married,Faculty of Arts and Sciences,History,2011-2015,Associate Professor,Al Kurah,2,13?18,No,NA,Too heavy,25-35 hours,Little satisfied,Little satisfied,NA,NA,Little satisfied,NA,Yes. Serving currently.,Yes,Very often,Very often,Extremely satisfied,Extremely satisfied,Department Chairperson,Very often,Sometimes,Sometimes,Sometimes,Somewhat dissatisfied,Extremely satisfied,Somewhat dissatisfied,Sometimes,Very often,Very satisfied,Somewhat satisfied,Somewhat satisfied,Somewhat satisfied,Little satisfied,Very satisfied,Very satisfied,NA,Very satisfied,To some extent,To a great extent,To a great extent,To some extent,To some extent,To a great extent,Not at all,To a great extent,To a great extent,To some extent,Sometimes,Rarely,1,Sometimes,Yes,Somewhat dissatisfied,No,No,No,No,No,Yes,Yes,No,Non Applicable,No,Yes,Yes,Yes,Yes,Yes,No,Sometimes,Very often,Yes,Yes,Somewhat satisfied,Not at all satisfied,Not at all satisfied,Not at all satisfied,Not applicable,Not applicable,Yes,Very dissatisfied,Very unlikely,NA,NA,NA,NA,NA,NA,NA,NA,NA,NA,NA,To a great extent,To a great extent,To a great extent,To a great extent,Not at all,To a great extent,To a great extent,Somewhat dissatisfied,No,Yes,Somewhat dissatisfied,"Faculty members recruitment before 2019 was based on: Salary in UD dollars, almost full paid tuition for schools, excellent transportation from and to UOB, a pension plan and an indemnity program in US dollars. Now almost all these benefits are cancelled. Why should any qualified faculty member join UOB?",,,,,,,,,,,,,,,,,,,,,,,,,,,,,
41,11/17/2025,Female,Married,Faculty of Health Sciences,Public Health and Development Sciences,2011-2015,Associate Professor,Al Kurah,3,Mixed,No,NA,Just right,40-50 hours,Very satisfied,Very satisfied,Somewhat satisfied,Very satisfied,Very satisfied,Very satisfied,Never,NA,Sometimes,Very often,Very satisfied,Very satisfied,NA,Extremely often,Sometimes,Sometimes,Sometimes,Somewhat satisfied,Very satisfied,Very satisfied,NA,NA,NA,NA,NA,NA,NA,NA,NA,NA,NA,NA,NA,NA,NA,NA,NA,NA,NA,NA,NA,NA,NA,NA,NA,NA,NA,NA,NA,NA,NA,NA,NA,NA,NA,NA,NA,NA,NA,NA,NA,NA,NA,NA,NA,NA,NA,NA,NA,NA,NA,NA,NA,NA,NA,NA,NA,NA,NA,NA,NA,NA,NA,NA,NA,NA,NA,NA,NA,NA,NA,NA,NA,NA,NA,NA,NA,NA,NA,,,,,,,,,,,,,,,,,,,,,,,,,,,,,
42,11/17/2025,Male,Married,Faculty of Arts and Sciences,Computer Science,2023,Instructor,Souk El Ghareb,0,NA,No,NA,Too heavy,25-35 hours,Somewhat satisfied,Very satisfied,Very satisfied,Very satisfied,NA,Somewhat satisfied,Never,No,Very often,Very often,Little satisfied,Very satisfied,NA,Extremely often,Rarely,Sometimes,Very often,Somewhat satisfied,Very satisfied,Somewhat satisfied,Very often,Sometimes,Very satisfied,Somewhat satisfied,Somewhat satisfied,Somewhat satisfied,Little satisfied,Extremely satisfied,Very satisfied,NA,Somewhat satisfied,To some extent,To some extent,To a great extent,To some extent,To a great extent,To a great extent,To a great extent,To some extent,To some extent,NA,Sometimes,Rarely,NA,Never,No,Very dissatisfied,No,No,No,No,No,Yes,NA,NA,No,No,NA,No,No,Yes,Yes,NA,Rarely,Rarely,NA,NA,Not at all satisfied,Very satisfied,Not at all satisfied,Not at all satisfied,Very dissatisfied,Not applicable,NA,NA,Somewhat likely,To a great extent,To a great extent,To a great extent,Not at all,To a great extent,Not at all,Not at all,Not at all,Not at all,Not at all,To some extent,To a great extent,To a great extent,To a great extent,To a great extent,To a great extent,Not at all,To some extent,Somewhat dissatisfied,No,NA,Somewhat satisfied,,,,,,,,,,,,,,,,,,,,,,,,,,,,,,
43,11/17/2025,Female,Married,Faculty of Arts and Sciences,Education,2011-2015,Assistant Professor,Al Kurah,2,13?18,No,NA,Too heavy,25-35 hours,Little satisfied,Little satisfied,Somewhat satisfied,Somewhat satisfied,Very satisfied,Little satisfied,Never,NA,Sometimes,Sometimes,Somewhat satisfied,Somewhat satisfied,NA,Extremely often,Rarely,Very often,Very often,Somewhat dissatisfied,Somewhat satisfied,Somewhat satisfied,Very often,Sometimes,Somewhat satisfied,Somewhat satisfied,Somewhat satisfied,Somewhat satisfied,Little satisfied,Extremely satisfied,Somewhat satisfied,NA,Very satisfied,To some extent,Not at all,To some extent,To a great extent,Not at all,To a great extent,To a great extent,To a great extent,To a great extent,To some extent,Very often,Very often,2,Sometimes,Yes,Somewhat satisfied,Yes,Yes,Yes,No,Yes,Yes,Yes,No,Yes,Yes,Yes,No,No,No,Yes,No,Rarely,Rarely,Yes,No,Little satisfied,Not at all satisfied,Little satisfied,NA,Not applicable,Very dissatisfied,No,NA,Somewhat unlikely,NA,NA,NA,NA,NA,NA,NA,NA,NA,NA,NA,To a great extent,To a great extent,To a great extent,To a great extent,To a great extent,To a great extent,To a great extent,Somewhat satisfied,Yes,Yes,Neither satisfied nor dissatisfied,,,,,,,,,,,,,,,,,,,,,,,,,,,,,,
44,11/17/2025,Female,Married,Faculty of Health Sciences,Nutritional Sciences - Nutrition and Dietetic,2022,Assistant Professor,Dekweneh,3,Mixed,No,NA,Just right,25-35 hours,Very satisfied,Very satisfied,Somewhat satisfied,NA,Very satisfied,Not at all satisfied,Yes. Serving currently.,Yes,Sometimes,Very often,Very satisfied,Very satisfied,Department Chairperson,Very often,Sometimes,Very often,Rarely,Somewhat dissatisfied,Very satisfied,Somewhat satisfied,Sometimes,Sometimes,Little satisfied,Little satisfied,Somewhat satisfied,Somewhat satisfied,Somewhat satisfied,Little satisfied,Very satisfied,NA,Somewhat satisfied,To a great extent,To a great extent,To a great extent,To some extent,To some extent,To some extent,To some extent,To a great extent,To a great extent,Not at all,Rarely,Sometimes,NA,Sometimes,Yes,Somewhat satisfied,Yes,Yes,No,No,Yes,Yes,Yes,Yes,Yes,No,Yes,Yes,Yes,Yes,Yes,Yes,Very often,Very often,Yes,Yes,Very satisfied,Somewhat satisfied,Not at all satisfied,Little satisfied,Somewhat satisfied,Somewhat dissatisfied,No,NA,Very unlikely,To a great extent,To a great extent,To a great extent,Not at all,To some extent,Not at all,To a great extent,To a great extent,Not at all,Not at all,To some extent,To a great extent,To a great extent,To a great extent,To a great extent,To some extent,To some extent,To some extent,Somewhat satisfied,Yes,Yes,Somewhat satisfied,,,,,,,,,,,,,,,,,,,,,,,,,,,,,,
45,11/17/2025,Male,Married,Issam Fares Faculty of Technology,Mechatronics,2025,Assistant Professor,Al Kurah,1,19+,Yes,1,Just right,10-20 hours,Somewhat satisfied,Somewhat satisfied,Somewhat satisfied,Somewhat satisfied,Somewhat satisfied,Little satisfied,Never,NA,Sometimes,Rarely,Somewhat satisfied,Very satisfied,NA,Very often,Very often,Very often,Very often,Somewhat satisfied,Little satisfied,Somewhat satisfied,Sometimes,Rarely,Somewhat satisfied,Somewhat satisfied,Little satisfied,Little satisfied,Somewhat satisfied,Somewhat satisfied,Very satisfied,Neither satisfied nor dissatisfied,Somewhat satisfied,To some extent,To a great extent,To some extent,To some extent,To some extent,To some extent,To some extent,To some extent,To some extent,To some extent,Sometimes,Sometimes,2,Rarely,No,Neither satisfied nor dissatisfied,Yes,Yes,No,No,No,No,Yes,Yes,Non Applicable,Yes,No,No,No,Yes,Yes,No,Sometimes,Sometimes,Yes,Yes,Somewhat satisfied,Little satisfied,Little satisfied,Little satisfied,Very satisfied,Somewhat dissatisfied,Yes,Somewhat dissatisfied,Somewhat unlikely,To a great extent,To a great extent,To a great extent,Not at all,To a great extent,To some extent,To a great extent,Not at all,Not at all,Not at all,To a great extent,To a great extent,To some extent,To a great extent,To a great extent,To some extent,To some extent,To a great extent,Somewhat satisfied,Yes,Yes,Somewhat dissatisfied,"I am hopeful that our university will be able to improve its administrative, academic and economic situation for the benefit of all.",,,,,,,,,,,,,,,,,,,,,,,,,,,,,
46,11/17/2025,Female,Married,Faculty of Health Sciences,Public Health and Development Sciences,2000-2005,Lecturer,Dekweneh,2,13?18,No,NA,NA,40-50 hours,Very satisfied,Very satisfied,Somewhat satisfied,Very satisfied,Very satisfied,Very satisfied,Never,NA,Very often,Very often,Very satisfied,Very satisfied,NA,Very often,Sometimes,Sometimes,Sometimes,Somewhat satisfied,Very satisfied,Somewhat satisfied,Very often,Very often,Very satisfied,Somewhat satisfied,Somewhat satisfied,Somewhat satisfied,Little satisfied,Somewhat satisfied,Very satisfied,NA,Very satisfied,To a great extent,To a great extent,To a great extent,To some extent,To some extent,To some extent,To some extent,To some extent,To a great extent,To some extent,Very often,Sometimes,NA,Very often,Yes,Somewhat satisfied,No,No,No,No,No,Yes,No,Yes,Yes,Yes,Yes,Yes,Yes,Yes,Yes,No,Very often,Very often,Yes,Yes,Somewhat satisfied,Somewhat satisfied,Not at all satisfied,Little satisfied,Somewhat satisfied,Very dissatisfied,No,NA,Somewhat unlikely,NA,NA,NA,NA,NA,NA,NA,NA,NA,NA,NA,To a great extent,To a great extent,To a great extent,To a great extent,To a great extent,To a great extent,To a great extent,Somewhat satisfied,NA,Yes,NA,,,,,,,,,,,,,,,,,,,,,,,,,,,,,,
47,11/17/2025,Female,Married,Issam Fares Faculty of Technology,Civil & Construction,2011-2015,Instructor,Akkar,3,Mixed,Yes,1,Just right,25-35 hours,Very satisfied,Very satisfied,Somewhat satisfied,Somewhat satisfied,Somewhat satisfied,Little satisfied,Never,NA,Very often,Very often,Extremely satisfied,Extremely satisfied,NA,Very often,Extremely often,Very often,Very often,Very satisfied,Very satisfied,Very satisfied,Very often,Very often,Very satisfied,Extremely satisfied,Very satisfied,Very satisfied,Very satisfied,Somewhat satisfied,Very satisfied,NA,Very satisfied,To a great extent,To a great extent,To a great extent,To some extent,To a great extent,To a great extent,To a great extent,To a great extent,To a great extent,To some extent,NA,Very often,NA,Very often,Yes,Somewhat satisfied,NA,Yes,Yes,NA,Yes,Yes,Yes,Yes,Yes,Yes,Yes,No,Yes,Yes,Yes,Yes,Very often,Very often,Yes,Yes,Somewhat satisfied,Little satisfied,Little satisfied,Somewhat satisfied,Very satisfied,Somewhat satisfied,Yes,Very satisfied,Very unlikely,NA,NA,NA,NA,NA,NA,NA,NA,NA,NA,NA,To a great extent,To a great extent,To a great extent,To a great extent,To a great extent,To a great extent,To a great extent,Very satisfied,Yes,Yes,Very satisfied,,,,,,,,,,,,,,,,,,,,,,,,,,,,,,
48,11/17/2025,Male,Married,Faculty of Arts and Sciences,Computer Science,<2000,Associate Professor,Al Kurah,3,0?5,Yes,1,Too heavy,25-35 hours,Somewhat satisfied,Somewhat satisfied,Somewhat satisfied,NA,Very satisfied,NA,Yes. Served prior to the past 5 academic years.,Yes,Very often,Rarely,Somewhat satisfied,Very satisfied,Academic Director,Very often,Very often,Sometimes,Rarely,Somewhat dissatisfied,Somewhat satisfied,Somewhat dissatisfied,Sometimes,Very often,Little satisfied,Little satisfied,Somewhat satisfied,Little satisfied,Little satisfied,Little satisfied,Very satisfied,NA,Very satisfied,To some extent,To a great extent,To a great extent,NA,Not at all,To some extent,To some extent,To some extent,Not at all,To some extent,Sometimes,Sometimes,More than 3,Sometimes,Yes,Neither satisfied nor dissatisfied,Yes,Yes,No,No,Yes,Yes,No,No,Non Applicable,Yes,Yes,Yes,Yes,Yes,Yes,No,Never,Rarely,No,NA,Somewhat satisfied,Somewhat satisfied,Somewhat satisfied,Not at all satisfied,Very dissatisfied,Very dissatisfied,No,NA,Very unlikely,NA,NA,NA,NA,NA,NA,NA,NA,NA,NA,NA,To a great extent,To a great extent,To a great extent,To a great extent,To a great extent,To a great extent,To a great extent,Somewhat dissatisfied,NA,Yes,Neither satisfied nor dissatisfied,"Some questions are not applicable with no NA possible answer. many questions are binary (yes or no) while there must be other answers. 

Most of the questions are mentioning the relationship between the faculty member and his/her department and/or Faculty. no questions about the relationship between the faculty member and the higher administration.

Questions are questioning our satisfaction/dissatisfaction without any serious attemot to know the reasons behind our answers.",,,,,,,,,,,,,,,,,,,,,,,,,,,,,
49,11/17/2025,Male,Married,Faculty of Arts and Sciences,Biology,2000-2005,Professor,Al Kurah,2,19+,No,NA,Just right,40-50 hours,Very satisfied,Very satisfied,Very satisfied,Very satisfied,Very satisfied,Not at all satisfied,Yes. Served prior to the past 5 academic years.,Yes,Very often,Very often,Very satisfied,Very satisfied,"Dean, Department Chairperson",Very often,Very often,Sometimes,Sometimes,Somewhat dissatisfied,Very satisfied,Very satisfied,Very often,Very often,Very satisfied,Very satisfied,Very satisfied,Very satisfied,Very satisfied,Very satisfied,Very satisfied,Neither satisfied nor dissatisfied,Very satisfied,To a great extent,To a great extent,To a great extent,To a great extent,To some extent,To a great extent,To a great extent,To a great extent,To a great extent,To a great extent,Very often,Very often,1,Very often,Yes,Very satisfied,Yes,Yes,Yes,Yes,Yes,Yes,Yes,Yes,Yes,Yes,Yes,Yes,Yes,Yes,Yes,Yes,Very often,Very often,Yes,Yes,Very satisfied,Very satisfied,Very satisfied,Very satisfied,Somewhat satisfied,Not applicable,No,NA,Very unlikely,NA,NA,NA,NA,NA,NA,NA,NA,NA,NA,NA,To a great extent,To a great extent,Not at all,To a great extent,To a great extent,To a great extent,To a great extent,Very satisfied,Yes,Yes,Very satisfied,,,,,,,,,,,,,,,,,,,,,,,,,,,,,,
50,11/17/2025,Male,Married,Faculty of Health Sciences,Medical Laboratory Sciences,2022,Assistant Professor,Souk El Ghareb,2,6?12,NA,NA,Too heavy,40-50 hours,Little satisfied,Not at all satisfied,Little satisfied,Somewhat satisfied,Little satisfied,Not at all satisfied,Never,NA,Extremely often,Very often,Little satisfied,Very satisfied,NA,Very often,Rarely,Very often,Sometimes,Somewhat dissatisfied,Little satisfied,Neither satisfied nor dissatisfied,Sometimes,Very often,Little satisfied,Somewhat satisfied,Not at all satisfied,Not at all satisfied,Somewhat satisfied,Somewhat satisfied,Somewhat satisfied,NA,Somewhat satisfied,To a great extent,To a great extent,To some extent,To some extent,To some extent,To some extent,To some extent,To a great extent,Not at all,To some extent,Sometimes,Sometimes,2,Very often,Yes,Somewhat satisfied,Yes,Yes,Yes,No,No,Yes,Yes,Yes,Yes,Yes,Yes,Yes,Yes,Yes,Yes,No,Very often,Extremely often,Yes,Yes,Very satisfied,Not at all satisfied,Somewhat satisfied,Somewhat satisfied,Somewhat dissatisfied,Not applicable,Yes,Somewhat satisfied,Very unlikely,To some extent,To some extent,To some extent,Not at all,To some extent,To some extent,To some extent,To some extent,To some extent,Not at all,Not at all,To a great extent,To a great extent,Not at all,To a great extent,To some extent,To some extent,To a great extent,Somewhat satisfied,Yes,Yes,Neither satisfied nor dissatisfied,"I am an alumnus of the UOB. My sense of belonging to UOB is extreme. 
I am gladly serving the university by trying to make a positive impact and influence students to see the marvellous things I experienced during my undergraduate and graduate studies.
A small suggestion is to increase  the university's lucidity among its faculty and staff, for example, and from what I heard in other universities:
-UC meetings minutes are being shared to provide transparency among the faculties and show the unity of decisions throughout the university
-Clear communications are used for salaries and updates regarding schooling benefits and insurance as of the beginning of the academic year.
We are a University that other universities should consider as an example, but we are always trying to compare ourselves to AUB and LAU.",,,,,,,,,,,,,,,,,,,,,,,,,,,,,
51,11/18/2025,Male,Select...,Faculty of Business and Management,Business Administration,Select...,Associate Professor,Al Kurah,NA,NA,NA,NA,Just right,40-50 hours,Extremely satisfied,Extremely satisfied,Very satisfied,Very satisfied,Extremely satisfied,Extremely satisfied,Yes. Serving currently.,No,Very often,Very often,Extremely satisfied,Extremely satisfied,Department Chairperson,Extremely often,Extremely often,Rarely,Rarely,Somewhat satisfied,Extremely satisfied,Very satisfied,Extremely often,Rarely,Extremely satisfied,Extremely satisfied,Extremely satisfied,Extremely satisfied,Extremely satisfied,Extremely satisfied,Extremely satisfied,NA,Somewhat satisfied,To a great extent,To a great extent,To a great extent,NA,NA,To a great extent,To a great extent,NA,To a great extent,NA,Extremely often,Extremely often,More than 3,Extremely often,Yes,Somewhat satisfied,NA,NA,NA,Yes,Yes,Yes,NA,Yes,Yes,Yes,NA,Yes,Yes,Yes,Yes,NA,Extremely often,NA,NA,NA,Somewhat satisfied,Somewhat satisfied,Somewhat satisfied,Very satisfied,Somewhat satisfied,Not applicable,NA,NA,NA,NA,NA,NA,NA,NA,NA,NA,NA,NA,NA,NA,NA,NA,NA,NA,NA,NA,NA,Very satisfied,Yes,Yes,Somewhat satisfied,,,,,,,,,,,,,,,,,,,,,,,,,,,,,,
52,11/18/2025,Male,Married,Faculty of Arts and Sciences,Physical Education,2011-2015,Assistant Professor,Al Kurah,2,13?18,NA,NA,Just right,25-35 hours,Very satisfied,Very satisfied,Somewhat satisfied,Somewhat satisfied,Very satisfied,Somewhat satisfied,Never,NA,Sometimes,Sometimes,Very satisfied,Very satisfied,NA,Very often,Rarely,Sometimes,Never,Very dissatisfied,Very satisfied,Very satisfied,Sometimes,Very often,Very satisfied,Very satisfied,Very satisfied,Very satisfied,Somewhat satisfied,Very satisfied,Very satisfied,NA,Very satisfied,To a great extent,To a great extent,To some extent,To some extent,To some extent,To a great extent,To some extent,To a great extent,To a great extent,To some extent,Sometimes,Sometimes,2,Sometimes,Yes,Neither satisfied nor dissatisfied,Yes,Yes,No,No,No,No,No,No,No,No,Yes,Yes,Yes,Yes,Yes,Yes,Sometimes,Sometimes,Yes,Yes,Somewhat satisfied,Not at all satisfied,Little satisfied,Little satisfied,Somewhat satisfied,Somewhat satisfied,No,NA,Neither,To a great extent,To some extent,To a great extent,To some extent,To a great extent,To some extent,To a great extent,To some extent,To some extent,To some extent,To some extent,To a great extent,To a great extent,To a great extent,To a great extent,To a great extent,To a great extent,To a great extent,Somewhat satisfied,Yes,Yes,Somewhat satisfied,,,,,,,,,,,,,,,,,,,,,,,,,,,,,,
53,11/18/2025,Male,Married,Faculty of Engineering,Computer Engineering,2011-2015,Associate Professor,Al Kurah,2,6?12,No,NA,Too heavy,40-50 hours,Little satisfied,Very satisfied,Very satisfied,Somewhat satisfied,Very satisfied,Somewhat satisfied,Yes. Served within the past 5 academic years.,Yes,Very often,Very often,Not at all satisfied,Very satisfied,"Associate Dean/ Assistant Dean, Department Chairperson",Very often,Never,Rarely,Sometimes,Very dissatisfied,Little satisfied,Neither satisfied nor dissatisfied,Very often,Sometimes,Somewhat satisfied,Very satisfied,Very satisfied,Very satisfied,Not at all satisfied,Somewhat satisfied,Very satisfied,NA,Very satisfied,To a great extent,To a great extent,To some extent,To some extent,Not at all,To a great extent,Not at all,To some extent,To some extent,To some extent,Sometimes,Sometimes,More than 3,Never,No,Neither satisfied nor dissatisfied,Yes,Yes,No,No,Yes,No,No,Yes,Yes,No,No,No,No,No,Yes,No,Rarely,Very often,No,NA,Little satisfied,Little satisfied,Not at all satisfied,Not at all satisfied,Somewhat satisfied,Very dissatisfied,No,NA,Somewhat unlikely,To some extent,To a great extent,To a great extent,Not at all,To some extent,To a great extent,To some extent,Not at all,Not at all,Not at all,To a great extent,To a great extent,To a great extent,To a great extent,To a great extent,To a great extent,To a great extent,To a great extent,Neither satisfied nor dissatisfied,Yes,Yes,Neither satisfied nor dissatisfied,"I have been a faculty member at UOB for 15 years, and in my opinion, the past two years at our faculty (Faculty of Engineering) have been the most difficult. The faculty administration is no longer transparent, does not treat everyone equitably, and often interacts with us on a personal rather than a professional basis. We used to be able to express our opinions freely, but now any viewpoint that differs from theirs is not accepted.
There are also several conflicts of interest between the administration and certain staff/""faculty members"", which result in unfair privileges for some over others. We don't hold regular faculty meetings anymore (except prior to the ABET visit). In addition, it feels like the faculty administration is intentionally creating divisions among us.
Most faculty members are unhappy with this environment but are afraid to express their opinions, fearing negative consequences from the faculty administration, including possible non-renewal of their contracts.
Overall, the work environment and our relationship with the faculty administration have become very toxic. I believe the entire administrative structure of the faculty needs to be reviewed and changed before the situation deteriorates further.",,,,,,,,,,,,,,,,,,,,,,,,,,,,,
54,11/18/2025,Female,Married,Faculty of Arts and Sciences,Chemistry,2024,Assistant Professor,Al Kurah,2,6?12,Yes,2,Just right,25-35 hours,Somewhat satisfied,Very satisfied,Somewhat satisfied,Somewhat satisfied,Very satisfied,Very satisfied,Never,NA,Sometimes,Very often,Very satisfied,Extremely satisfied,NA,Extremely often,Rarely,Sometimes,Never,Neither satisfied nor dissatisfied,Very satisfied,Somewhat satisfied,Very often,Sometimes,Somewhat satisfied,Somewhat satisfied,Very satisfied,Very satisfied,Very satisfied,Very satisfied,Very satisfied,Neither satisfied nor dissatisfied,Very satisfied,To a great extent,To a great extent,To some extent,To some extent,To some extent,Not at all,Not at all,To a great extent,To a great extent,To some extent,Sometimes,Sometimes,2,Sometimes,No,Neither satisfied nor dissatisfied,No,Yes,No,No,No,Yes,No,Yes,Yes,Yes,Yes,Yes,Yes,Yes,Yes,Yes,Sometimes,Rarely,Yes,Yes,Somewhat satisfied,Little satisfied,Little satisfied,Little satisfied,Not applicable,Somewhat dissatisfied,No,NA,Very unlikely,NA,NA,NA,NA,NA,NA,NA,NA,NA,NA,NA,To a great extent,To a great extent,To a great extent,To a great extent,To a great extent,To a great extent,To a great extent,Somewhat satisfied,Yes,Yes,Neither satisfied nor dissatisfied,,,,,,,,,,,,,,,,,,,,,,,,,,,,,,
55,11/18/2025,Female,Married,Issam Fares Faculty of Technology,Civil & Construction,2011-2015,Instructor,Akkar,NA,Mixed,Yes,NA,NA,NA,NA,NA,NA,NA,NA,NA,NA,NA,NA,NA,NA,NA,NA,NA,NA,NA,NA,NA,NA,NA,NA,NA,NA,NA,NA,NA,NA,NA,NA,NA,NA,NA,NA,NA,NA,NA,NA,NA,NA,NA,NA,NA,NA,NA,NA,NA,NA,NA,NA,NA,NA,NA,NA,NA,NA,NA,NA,NA,NA,NA,NA,NA,NA,NA,NA,NA,NA,NA,NA,NA,NA,NA,NA,NA,NA,NA,NA,NA,NA,NA,NA,NA,NA,NA,NA,NA,NA,NA,NA,NA,NA,NA,NA,NA,NA,NA,NA,NA,NA,,,,,,,,,,,,,,,,,,,,,,,,,,,,,
56,11/18/2025,Male,Single,Faculty of Arts and Sciences,Mass Media and Communications,2011-2015,Senior Lecturer,Al Kurah,NA,NA,No,NA,Too heavy,25-35 hours,Extremely satisfied,Extremely satisfied,Very satisfied,Extremely satisfied,Extremely satisfied,Extremely satisfied,Never,NA,Extremely often,Extremely often,Very satisfied,Extremely satisfied,NA,Extremely often,Extremely often,Sometimes,Rarely,Very satisfied,Extremely satisfied,Very satisfied,Very often,Very often,Very satisfied,Very satisfied,Very satisfied,Extremely satisfied,Very satisfied,Extremely satisfied,Somewhat satisfied,NA,Very satisfied,To some extent,To some extent,To a great extent,To some extent,To a great extent,To some extent,To some extent,To some extent,To some extent,To some extent,Very often,Rarely,2,Sometimes,No,Somewhat satisfied,No,No,No,No,No,Yes,Yes,No,Yes,Yes,Yes,No,Yes,Yes,Yes,Yes,Very often,Sometimes,Yes,Yes,Little satisfied,Very satisfied,Not at all satisfied,Not at all satisfied,Not applicable,Not applicable,No,NA,Very unlikely,NA,NA,NA,NA,NA,NA,NA,NA,NA,NA,NA,To a great extent,To a great extent,To a great extent,To a great extent,To a great extent,To some extent,To a great extent,Very satisfied,Yes,Yes,Very satisfied,"I love the university because I feel at home here. I work with great passion for my students, and that is what makes me happy to be part of this university",,,,,,,,,,,,,,,,,,,,,,,,,,,,,
57,11/19/2025,Female,Married,Faculty of Health Sciences,Nursing,2024,Assistant Professor,Dekweneh,3,Mixed,No,NA,Too heavy,40-50 hours,Extremely satisfied,Extremely satisfied,Very satisfied,Extremely satisfied,Somewhat satisfied,Somewhat satisfied,Never,NA,Sometimes,Sometimes,Very satisfied,Very satisfied,NA,Very often,Very often,Sometimes,Rarely,Somewhat satisfied,Very satisfied,Somewhat dissatisfied,Extremely often,Rarely,Very satisfied,Somewhat satisfied,Somewhat satisfied,Somewhat satisfied,Very satisfied,Little satisfied,Very satisfied,NA,Somewhat satisfied,To a great extent,To a great extent,To a great extent,To a great extent,To some extent,To a great extent,To a great extent,To a great extent,To a great extent,To some extent,Very often,Sometimes,NA,Very often,Yes,Somewhat satisfied,Yes,Yes,Yes,No,No,Yes,No,Yes,Yes,Yes,No,Yes,Yes,Yes,Yes,Yes,Very often,Very often,No,NA,Extremely satisfied,Extremely satisfied,Not at all satisfied,Little satisfied,Somewhat dissatisfied,Very dissatisfied,No,NA,Somewhat likely,To a great extent,To a great extent,To a great extent,Not at all,To a great extent,To some extent,Not at all,Not at all,Not at all,Not at all,To a great extent,To a great extent,To a great extent,To a great extent,To a great extent,To a great extent,To a great extent,To a great extent,Somewhat dissatisfied,Yes,Yes,Very satisfied,,,,,,,,,,,,,,,,,,,,,,,,,,,,,,
58,11/19/2025,Male,Married,Faculty of Arts and Sciences,Physical Education,2000-2005,Professor,Al Kurah,1,6?12,No,NA,Just right,25-35 hours,Somewhat satisfied,Somewhat satisfied,Little satisfied,Very satisfied,Very satisfied,Somewhat satisfied,Never,NA,Extremely often,Sometimes,Very satisfied,Very satisfied,NA,Very often,Rarely,Very often,Very often,Neither satisfied nor dissatisfied,Very satisfied,Somewhat satisfied,Very often,Sometimes,Somewhat satisfied,Very satisfied,NA,Very satisfied,Somewhat satisfied,Very satisfied,Very satisfied,NA,Very satisfied,To some extent,To some extent,To some extent,NA,NA,To a great extent,To a great extent,To a great extent,NA,NA,Very often,Sometimes,NA,Never,Yes,Somewhat satisfied,NA,Yes,Yes,Yes,Yes,Yes,No,NA,No,Yes,NA,Yes,Yes,Yes,Yes,Yes,Sometimes,Sometimes,Yes,Yes,Very satisfied,Somewhat satisfied,Not at all satisfied,Not at all satisfied,Very satisfied,Very dissatisfied,No,NA,Neither,NA,NA,NA,NA,NA,NA,NA,NA,NA,NA,NA,To a great extent,To a great extent,To a great extent,NA,NA,NA,NA,Somewhat satisfied,Yes,Yes,Very dissatisfied,Performance and research productivity are unfortunately not taken into account for salary advancement despite the fact that it has been mentioned many times by the highest authorities.,,,,,,,,,,,,,,,,,,,,,,,,,,,,,
59,11/19/2025,Male,Married,Faculty of Engineering,Mechanical Engineering,2006-2010,Associate Professor,Al Kurah,4,6?12,No,NA,Too heavy,25-35 hours,Little satisfied,Very satisfied,Somewhat satisfied,Very satisfied,Little satisfied,Little satisfied,Yes. Serving currently.,Yes,Rarely,Never,Not at all satisfied,Very satisfied,Department Chairperson,Very often,Never,Very often,Rarely,Somewhat dissatisfied,Somewhat satisfied,Somewhat satisfied,Very often,Rarely,Little satisfied,Somewhat satisfied,Very satisfied,Somewhat satisfied,Little satisfied,Extremely satisfied,Extremely satisfied,NA,Somewhat satisfied,To a great extent,To a great extent,To some extent,To a great extent,To some extent,Not at all,Not at all,To a great extent,To some extent,To a great extent,Rarely,Sometimes,1,Rarely,No,Somewhat satisfied,Yes,Yes,Yes,No,Yes,No,No,Yes,Yes,No,No,No,No,No,Yes,No,Rarely,Very often,No,NA,Little satisfied,Little satisfied,Very satisfied,Little satisfied,Very satisfied,Very dissatisfied,No,NA,Very unlikely,To some extent,To a great extent,To a great extent,Not at all,To some extent,To a great extent,To a great extent,Not at all,Not at all,Not at all,Not at all,To a great extent,To a great extent,To a great extent,To a great extent,To a great extent,To a great extent,To a great extent,Somewhat dissatisfied,No,Yes,Somewhat satisfied,"Over my 16 years as a faculty member at UOB, I have never seen a period as difficult as the last two years within our Faculty of Engineering. In my role as chairperson, I have grown increasingly troubled by the direction of the current faculty administration. Transparency has diminished, fairness in the treatment of faculty members has eroded, and communication has become personal rather than professional. While we once had the freedom to express differing opinions openly, any perspective that does not align with the administration?s views is now quickly disregarded.
The Dean in particular deals with faculty in an unprofessional and personal manner. For example, last year he explicitly advised me not to apply for promotion to full professor, even though I met all the promotion criteria. He justified this by saying that other faculty members applying for associate professor had ?more points,? a comparison that is irrelevant and inappropriate. Meanwhile, a staff member who recently completed her PhD was suddenly appointed as an assistant professor, which, to my knowledge, is unprecedented. This inconsistency reinforces my fear that this year he may deliberately create obstacles to block my promotion.
Transparency has deteriorated significantly. I cannot even recall the last time minutes of a Faculty Council meeting were circulated. Regular faculty meetings have essentially disappeared and there is a noticeable effort to divide faculty members. These practices have created an unhealthy environment and have damaged the working relationship between faculty and the administration.
Communication is minimal and typically limited to email, with no open dialogue or proper channels for discussion.
Furthermore, critical decisions such as recruitment lack clarity and follow-through. We have a severe shortage in the labs, and after conducting several interviews in August, during which we collectively agreed to hire two candidates, no appointments have been made to date. We have received no explanation for this delay, leaving us unable to plan or support students properly.
Many faculty members are dissatisfied with the current environment, yet they hesitate to voice their concerns out of fear of potential repercussions, including the risk of non-renewal of their contracts. The work climate, and our interactions with the faculty administration, has grown increasingly dysfunctional.
I am convinced that the faculty?s administrative framework needs an immediate and thorough evaluation to prevent the situation from worsening any further.",,,,,,,,,,,,,,,,,,,,,,,,,,,,,
60,11/19/2025,Male,Married,Faculty of Arts and Sciences,Physical Education,2016-2020,Associate Professor,Al Kurah,2,0?5,No,NA,Just right,25-35 hours,Very satisfied,Extremely satisfied,Somewhat satisfied,Very satisfied,Very satisfied,Little satisfied,Never,NA,Very often,Extremely often,Very satisfied,Very satisfied,NA,Extremely often,Sometimes,Rarely,Never,Somewhat satisfied,Very satisfied,Very satisfied,Extremely often,Sometimes,Extremely satisfied,Very satisfied,Very satisfied,Very satisfied,Somewhat satisfied,Very satisfied,Extremely satisfied,NA,Somewhat satisfied,To a great extent,To a great extent,To some extent,To some extent,To some extent,To some extent,To some extent,To a great extent,To a great extent,To some extent,Extremely often,Very often,More than 3,Very often,Yes,Very satisfied,Yes,Yes,Yes,Yes,Yes,Yes,No,No,No,NA,Yes,Yes,Yes,Yes,Yes,Yes,Sometimes,Very often,Yes,Yes,Extremely satisfied,Somewhat satisfied,Little satisfied,Somewhat satisfied,Very satisfied,Somewhat satisfied,No,NA,Very unlikely,NA,NA,NA,NA,NA,NA,NA,NA,NA,NA,NA,To a great extent,To a great extent,To a great extent,To a great extent,To a great extent,To a great extent,To a great extent,Very satisfied,Yes,Yes,Somewhat satisfied,"As a faculty member at the University of Balamand, one of the frustrating aspects we have experienced over the past years?through our spontaneous interactions as faculty members and some staff?is the lack of clear and transparent communication from the Board of Administration. When the administration (and I do not mean the faculty) shares expectations, and decisions openly and transparently, it helps build an atmosphere of trust and mutual respect. Such communication not only provides faculty and staff with the information and support they need, but also strengthens the spirit of collaboration and belonging, giving everyone a genuine sense of appreciation as essential members of the institution.",,,,,,,,,,,,,,,,,,,,,,,,,,,,,
61,11/19/2025,Female,Married,Faculty of Engineering,Civil Engineering,2011-2015,Assistant Professor,Al Kurah,1,6?12,NA,NA,Just right,40-50 hours,Extremely satisfied,Extremely satisfied,Somewhat satisfied,Very satisfied,Extremely satisfied,Very satisfied,Yes. Served within the past 5 academic years.,NA,Extremely often,Extremely often,Extremely satisfied,Very satisfied,NA,Very often,Extremely often,Very often,Never,Somewhat dissatisfied,Very satisfied,Very satisfied,NA,NA,NA,NA,NA,NA,NA,NA,NA,NA,NA,NA,NA,NA,NA,NA,NA,NA,NA,NA,NA,NA,NA,NA,NA,NA,NA,NA,NA,NA,NA,NA,NA,NA,NA,NA,NA,NA,NA,NA,NA,NA,NA,NA,NA,NA,NA,NA,NA,NA,NA,NA,NA,NA,NA,NA,NA,NA,NA,NA,NA,NA,NA,NA,NA,NA,NA,NA,NA,NA,NA,NA,NA,NA,NA,NA,NA,NA,NA,,,,,,,,,,,,,,,,,,,,,,,,,,,,,
62,11/19/2025,Female,Married,Faculty of Health Sciences,Nursing,2000-2005,Lecturer,Dekweneh,2,0?5,Yes,1,Too heavy,40-50 hours,Somewhat satisfied,Very satisfied,Little satisfied,Very satisfied,Somewhat satisfied,Somewhat satisfied,Never,NA,Very often,Very often,Very satisfied,Very satisfied,NA,Very often,Sometimes,Very often,Sometimes,Neither satisfied nor dissatisfied,Extremely satisfied,Very satisfied,Very often,Very often,Very satisfied,Very satisfied,Little satisfied,Somewhat satisfied,Somewhat satisfied,Very satisfied,Extremely satisfied,NA,Somewhat satisfied,To some extent,To some extent,To a great extent,To some extent,To some extent,To a great extent,To some extent,NA,To a great extent,NA,Very often,Sometimes,1,Rarely,Yes,Neither satisfied nor dissatisfied,NA,NA,NA,NA,NA,Yes,No,Yes,Yes,Yes,No,No,Yes,Yes,Yes,Yes,Rarely,Rarely,No,NA,Somewhat satisfied,Somewhat satisfied,Little satisfied,Somewhat satisfied,Very satisfied,NA,No,NA,Somewhat unlikely,NA,NA,NA,NA,NA,NA,NA,NA,NA,NA,NA,To a great extent,To a great extent,NA,To a great extent,To a great extent,To a great extent,To a great extent,Very satisfied,Yes,Yes,Neither satisfied nor dissatisfied,,,,,,,,,,,,,,,,,,,,,,,,,,,,,,
63,11/19/2025,Female,Married,Faculty of Health Sciences,Medical Laboratory Sciences,2021,Instructor,Souk El Ghareb,2,13?18,No,NA,Just right,40-50 hours,Somewhat satisfied,Somewhat satisfied,Somewhat satisfied,NA,Somewhat satisfied,NA,Never,No,Very often,Very often,Extremely satisfied,Extremely satisfied,NA,Very often,Sometimes,Very often,Very often,Neither satisfied nor dissatisfied,Very satisfied,Somewhat satisfied,Sometimes,Sometimes,Somewhat satisfied,Somewhat satisfied,Very satisfied,Somewhat satisfied,Not at all satisfied,Very satisfied,Very satisfied,NA,Very satisfied,To a great extent,To some extent,To some extent,To some extent,To some extent,Not at all,Not at all,To some extent,To some extent,To some extent,Rarely,Rarely,1,Never,Yes,Neither satisfied nor dissatisfied,NA,NA,NA,No,No,Yes,Yes,Yes,Yes,Yes,Yes,Yes,Yes,Yes,Yes,Yes,Sometimes,Sometimes,No,NA,Little satisfied,Little satisfied,Not at all satisfied,Not at all satisfied,Somewhat satisfied,Very dissatisfied,No,NA,Very unlikely,NA,NA,NA,NA,NA,NA,NA,NA,NA,NA,NA,To a great extent,To a great extent,To a great extent,To a great extent,To a great extent,To a great extent,To a great extent,Somewhat satisfied,Yes,Yes,Somewhat satisfied,,,,,,,,,,,,,,,,,,,,,,,,,,,,,,
64,11/19/2025,Female,Married,Faculty of Health Sciences,Nutritional Sciences - Nutrition and Dietetic,2023,Assistant Professor,Dekweneh,1,6?12,No,NA,Just right,25-35 hours,Very satisfied,Very satisfied,Somewhat satisfied,Very satisfied,Somewhat satisfied,Little satisfied,Never,NA,Sometimes,Very often,Very satisfied,Extremely satisfied,NA,Extremely often,Sometimes,Sometimes,Never,Somewhat satisfied,Extremely satisfied,Very satisfied,Very often,Sometimes,Somewhat satisfied,Somewhat satisfied,Little satisfied,Somewhat satisfied,Somewhat satisfied,Somewhat satisfied,Somewhat satisfied,NA,Somewhat satisfied,To a great extent,To a great extent,To some extent,To a great extent,To some extent,To a great extent,To a great extent,To a great extent,To some extent,To some extent,Extremely often,Very often,2,Sometimes,Yes,Neither satisfied nor dissatisfied,Yes,Yes,Yes,Yes,Yes,Yes,Yes,Yes,Yes,Yes,No,Yes,Yes,Yes,Yes,Yes,Very often,Sometimes,Yes,Yes,Little satisfied,Little satisfied,Somewhat satisfied,Somewhat satisfied,Somewhat satisfied,Somewhat satisfied,Yes,Neither satisfied nor dissatisfied,Very unlikely,NA,NA,NA,NA,NA,NA,NA,NA,NA,NA,NA,To a great extent,To a great extent,To a great extent,To some extent,To some extent,To some extent,To a great extent,Very satisfied,Yes,Yes,Somewhat satisfied,"Being a faculty member at the University of Balamand has been one of the best professional opportunities I?ve had. I have experiencedcareer growth in an encouraging and supportive environment, with valuable opportunities for advancement and research. 
I would also appreciate consideration of adjusting the salary payment schedule to a monthly basis, as this would provide greater financial stability.
Before joining UOB, I held the rank of Associate Professor, and I am actively working to regain my academic rank through my teaching, research, and service.",,,,,,,,,,,,,,,,,,,,,,,,,,,,,
65,11/19/2025,Select...,Select...,Faculty of Engineering,Mechanical Engineering,Select...,,Al Kurah,NA,NA,NA,NA,Just right,40-50 hours,Extremely satisfied,Extremely satisfied,Very satisfied,Extremely satisfied,Very satisfied,Extremely satisfied,Never,NA,Rarely,Sometimes,Not at all satisfied,Extremely satisfied,NA,Very often,Sometimes,Rarely,Never,Somewhat satisfied,Extremely satisfied,Neither satisfied nor dissatisfied,Very often,Sometimes,Very satisfied,Very satisfied,Somewhat satisfied,Very satisfied,Very satisfied,Very satisfied,Very satisfied,NA,Somewhat satisfied,To a great extent,To a great extent,To a great extent,To a great extent,To a great extent,To a great extent,To a great extent,To a great extent,To a great extent,To a great extent,Rarely,Sometimes,1,Rarely,No,Very satisfied,Yes,Yes,Yes,Yes,Yes,No,No,Yes,Yes,Yes,Yes,No,No,No,Yes,No,Sometimes,Very often,Yes,Yes,Very satisfied,Somewhat satisfied,Very satisfied,Very satisfied,Very satisfied,Somewhat dissatisfied,No,NA,Very unlikely,NA,NA,NA,NA,NA,NA,NA,NA,NA,NA,NA,To some extent,To some extent,To some extent,To some extent,To a great extent,To some extent,To some extent,NA,NA,NA,NA,NA,,,,,,,,,,,,,,,,,,,,,,,,,,,,,
66,11/19/2025,Female,Single,Faculty of Health Sciences,Public Health and Development Sciences,<2000,Lecturer,Souk El Ghareb,NA,NA,No,NA,Much too heavy,40-50 hours,Somewhat satisfied,Somewhat satisfied,Somewhat satisfied,Somewhat satisfied,Somewhat satisfied,Somewhat satisfied,Yes. Serving currently.,No,Extremely often,Extremely often,Somewhat satisfied,Very satisfied,Academic Director,NA,Extremely often,Extremely often,Extremely often,Neither satisfied nor dissatisfied,Somewhat satisfied,Very satisfied,Sometimes,Rarely,Somewhat satisfied,Somewhat satisfied,Little satisfied,Somewhat satisfied,Very satisfied,Very satisfied,Somewhat satisfied,NA,Very satisfied,To some extent,To some extent,To some extent,To some extent,To some extent,To some extent,To some extent,To some extent,To some extent,To some extent,Sometimes,Rarely,NA,Never,No,Neither satisfied nor dissatisfied,Yes,Yes,No,No,No,Yes,Yes,Yes,Yes,Yes,Yes,Yes,No,Yes,Yes,No,Extremely often,Sometimes,Yes,No,Little satisfied,Not at all satisfied,Little satisfied,Little satisfied,Not applicable,Not applicable,No,NA,Very unlikely,NA,NA,NA,NA,NA,NA,NA,NA,NA,NA,NA,To a great extent,To a great extent,To a great extent,To a great extent,To a great extent,To a great extent,To a great extent,Neither satisfied nor dissatisfied,Yes,No,Neither satisfied nor dissatisfied,I am more into community development work. Not all questions apply to me.,,,,,,,,,,,,,,,,,,,,,,,,,,,,,
67,11/19/2025,Male,Single,Faculty of Arts and Sciences,Environmental Sciences,2000-2005,Associate Professor,Al Kurah,NA,NA,Yes,2,Too heavy,40-50 hours,Extremely satisfied,Extremely satisfied,Very satisfied,Very satisfied,Very satisfied,Not at all satisfied,Yes. Served prior to the past 5 academic years.,No,Rarely,Rarely,Very satisfied,Very satisfied,Department Chairperson,Extremely often,Never,Sometimes,Extremely often,Neither satisfied nor dissatisfied,Very satisfied,Somewhat satisfied,Sometimes,Sometimes,Little satisfied,Little satisfied,Somewhat satisfied,Somewhat satisfied,Very satisfied,Extremely satisfied,Very satisfied,NA,Very dissatisfied,To some extent,To some extent,To a great extent,To a great extent,Not at all,To some extent,To some extent,To some extent,To some extent,To some extent,Very often,Never,NA,Rarely,Yes,Very dissatisfied,No,No,No,No,No,Yes,No,No,Non Applicable,Yes,Yes,Yes,Yes,Yes,Yes,Yes,Sometimes,Rarely,Yes,No,Somewhat satisfied,Somewhat satisfied,Not at all satisfied,Not at all satisfied,Not applicable,Very dissatisfied,No,NA,Somewhat unlikely,To a great extent,To some extent,To a great extent,Not at all,To a great extent,To a great extent,To a great extent,Not at all,Not at all,Not at all,To a great extent,To a great extent,To a great extent,To a great extent,To some extent,To a great extent,To some extent,To a great extent,Somewhat satisfied,No,Yes,Somewhat dissatisfied,,,,,,,,,,,,,,,,,,,,,,,,,,,,,,
68,11/20/2025,Male,Single,Faculty of Arts and Sciences,Psychology,2025,Senior Lecturer,Al Kurah,NA,NA,No,NA,Much too heavy,40-50 hours,NA,NA,Very satisfied,NA,Very satisfied,NA,Never,NA,NA,NA,NA,NA,NA,Very often,Sometimes,NA,NA,Very dissatisfied,Very satisfied,Somewhat satisfied,Rarely,NA,Not at all satisfied,NA,NA,NA,Little satisfied,Not at all satisfied,NA,NA,Neither satisfied nor dissatisfied,NA,NA,NA,NA,NA,NA,NA,NA,NA,NA,Never,Never,NA,NA,NA,NA,NA,NA,No,No,No,NA,NA,NA,NA,No,NA,No,NA,Yes,Yes,NA,NA,NA,No,NA,Little satisfied,NA,Not at all satisfied,Not at all satisfied,Very dissatisfied,NA,No,NA,NA,NA,NA,NA,NA,NA,NA,NA,NA,NA,NA,NA,NA,NA,NA,NA,NA,NA,NA,Somewhat dissatisfied,NA,NA,Neither satisfied nor dissatisfied,"While I am deeply committed to my role, the initial workload for a new faculty member has been overwhelming. Developing three new courses from scratch, with a full 12-credit teaching load in the first semester, leaves absolutely no time for research and creates immense pressure that risks burnout. This is made even more challenging by the requirement to commute between two campuses, which is time-consuming and exhausting. To truly support new faculty in providing high-quality education and a strong student experience, I believe the university should consider a reduced teaching load for the first semester and allow lecturers to be based at a single campus.",,,,,,,,,,,,,,,,,,,,,,,,,,,,,
69,11/20/2025,Female,Married,Faculty of Business and Management,Business Administration,2011-2015,Instructor,Al Kurah,2,Mixed,No,NA,Much too heavy,40-50 hours,Little satisfied,Not at all satisfied,Little satisfied,Somewhat satisfied,Little satisfied,Very satisfied,Yes. Served within the past 5 academic years.,Yes,Very often,Very often,Very satisfied,Very satisfied,Department Chairperson,Very often,Very often,Very often,Very often,Somewhat satisfied,Very satisfied,Somewhat satisfied,NA,NA,NA,NA,NA,NA,NA,NA,NA,NA,NA,NA,NA,NA,NA,NA,NA,NA,NA,NA,NA,NA,NA,NA,NA,NA,NA,NA,NA,NA,NA,NA,NA,NA,NA,NA,NA,NA,NA,NA,NA,NA,NA,NA,NA,NA,NA,NA,NA,NA,NA,NA,NA,NA,NA,NA,NA,NA,NA,NA,NA,NA,NA,NA,NA,NA,NA,NA,NA,NA,NA,NA,NA,NA,NA,NA,NA,NA,NA,,,,,,,,,,,,,,,,,,,,,,,,,,,,,
70,11/20/2025,Female,Married,Faculty of Arts and Sciences,Mass Media and Communications,2011-2015,Assistant Professor,Al Kurah,2,6?12,NA,NA,Much too heavy,40-50 hours,Very satisfied,Somewhat satisfied,Somewhat satisfied,Somewhat satisfied,Extremely satisfied,Somewhat satisfied,Yes. Serving currently.,Yes,Very often,Extremely often,Extremely satisfied,Very satisfied,Department Chairperson,Very often,Very often,Extremely often,Extremely often,Very dissatisfied,Very satisfied,Somewhat satisfied,Never,Never,Somewhat satisfied,Somewhat satisfied,Somewhat satisfied,Somewhat satisfied,Little satisfied,Very satisfied,Very satisfied,NA,Somewhat dissatisfied,To a great extent,To a great extent,To a great extent,To some extent,To a great extent,Not at all,Not at all,To some extent,To a great extent,To a great extent,Rarely,Never,NA,Never,Yes,Very dissatisfied,No,No,No,No,No,No,Yes,Yes,Non Applicable,Yes,Yes,Yes,Yes,Yes,No,Yes,Very often,Never,Yes,Yes,Not at all satisfied,Very satisfied,Not at all satisfied,Not at all satisfied,Very dissatisfied,Very dissatisfied,No,NA,Somewhat unlikely,To a great extent,To a great extent,To a great extent,Not at all,To a great extent,To a great extent,Not at all,Not at all,Not at all,To some extent,To some extent,To a great extent,To a great extent,To a great extent,To a great extent,To a great extent,To a great extent,To a great extent,Neither satisfied nor dissatisfied,NA,NA,NA,"I think this survey is misleading and does not allow for a comprehensive answering scheme. A lot of things are dependent on certain contexts and so yes or no answers are vague. What is the most frustrating is the lack of value that is given to faculty members who are working solely for the purpose of bettering the university. The promotion criteria is extremely unfair, especially if faculty are serving on multiple administrative roles. placing such a high value on research when 1. there is a heavy course load 2. heavy administration load 3. Lack of assistance and guidance 4. lack of resources means that we are being set up to fail.",,,,,,,,,,,,,,,,,,,,,,,,,,,,,
71,11/20/2025,Male,Married,Faculty of Arts and Sciences,Arabic Language and Literature,<2000,Professor,Al Kurah,1,0?5,No,NA,Too heavy,25-35 hours,Somewhat satisfied,Little satisfied,Little satisfied,Somewhat satisfied,Not at all satisfied,Somewhat satisfied,Yes. Served prior to the past 5 academic years.,Yes,Very often,Very often,NA,Somewhat satisfied,Department Chairperson,Sometimes,Rarely,Sometimes,Rarely,Very dissatisfied,Somewhat satisfied,Somewhat dissatisfied,Rarely,Sometimes,Not at all satisfied,Not at all satisfied,Not at all satisfied,Not at all satisfied,Very satisfied,Little satisfied,Little satisfied,Neither satisfied nor dissatisfied,Neither satisfied nor dissatisfied,Not at all,To a great extent,To some extent,To some extent,Not at all,Not at all,To some extent,To a great extent,To some extent,Not at all,Rarely,Rarely,2,Rarely,No,Somewhat satisfied,Yes,Yes,No,No,No,No,No,No,Non Applicable,No,No,No,Yes,Yes,No,No,Rarely,Rarely,No,NA,Not at all satisfied,Not at all satisfied,Not at all satisfied,Not at all satisfied,Very dissatisfied,Not applicable,Yes,Somewhat satisfied,Very unlikely,Not at all,Not at all,Not at all,Not at all,Not at all,Not at all,Not at all,Not at all,Not at all,Not at all,Not at all,To a great extent,To a great extent,To a great extent,To a great extent,To a great extent,To a great extent,To a great extent,Somewhat dissatisfied,No,Yes,Somewhat satisfied,,,,,,,,,,,,,,,,,,,,,,,,,,,,,,
72,11/20/2025,Male,Single,Faculty of Arts and Sciences,English Language and Literature,2011-2015,Senior Lecturer,Al Kurah,NA,NA,No,NA,Too heavy,25-35 hours,Little satisfied,Extremely satisfied,Somewhat satisfied,Very satisfied,Little satisfied,Little satisfied,Never,NA,Very often,Very often,Somewhat satisfied,Extremely satisfied,NA,Extremely often,Very often,Sometimes,Rarely,Somewhat dissatisfied,Very satisfied,Neither satisfied nor dissatisfied,Very often,Rarely,Little satisfied,Little satisfied,Somewhat satisfied,Little satisfied,Somewhat satisfied,Somewhat satisfied,Very satisfied,NA,Neither satisfied nor dissatisfied,To a great extent,To a great extent,To some extent,To some extent,To some extent,Not at all,To some extent,To a great extent,To some extent,To some extent,Rarely,Never,NA,Sometimes,No,Very dissatisfied,Yes,Yes,No,No,No,No,No,Yes,No,No,Yes,No,No,No,Yes,No,Rarely,Rarely,Yes,Yes,Not at all satisfied,Not at all satisfied,Not at all satisfied,Little satisfied,Somewhat satisfied,Not applicable,No,NA,Somewhat likely,To a great extent,To a great extent,Not at all,To some extent,Not at all,Not at all,To some extent,Not at all,Not at all,Not at all,To a great extent,To a great extent,To a great extent,Not at all,Not at all,To some extent,To a great extent,To a great extent,Somewhat dissatisfied,Yes,Yes,Neither satisfied nor dissatisfied,"I truly value my experience at UOB. I greatly enjoy the courses I teach, the colleagues I work with, and the students I have the privilege of guiding. These aspects are the core of my professional satisfaction.
However, I am increasingly discouraged by certain administrative practices?particularly those related to rank assignment, promotion, and compensation. After completing my PhD, I had a reasonable expectation of being promoted to the rank of Assistant Professor, especially since peers who submitted their dissertations only months before I did were granted this rank immediately. Instead, I was assigned the title of Senior Lecturer, a designation that is uncommon in most Lebanese institutions and inconsistent with practices I see across the sector.
Additionally, it is disheartening to see newly recruited faculty members holding only an MA degree receive higher compensation than I do. This raises concerns about equity, transparency, and faculty retention.
I strongly believe the university would benefit from establishing two clear promotion tracks?Teaching and Research?similar to the systems adopted at LAU, AUB, and many international universities. This would ensure fairness, acknowledge different types of academic contributions, and align UOB with global best practices.
I remain committed to my work and to UOB as an institution, and I hope future administrative reforms will address these issues and support faculty members? growth and morale.",,,,,,,,,,,,,,,,,,,,,,,,,,,,,
73,11/24/2025,Male,Married,Saint John of Damascus Institute of Theology,Theology,2000-2005,Professor,Al Kurah,2,19+,No,NA,Too heavy,40-50 hours,Somewhat satisfied,Somewhat satisfied,Little satisfied,Little satisfied,Little satisfied,Little satisfied,Yes. Serving currently.,Yes,Very often,Very often,Very satisfied,Very satisfied,Department Chairperson,Very often,Very often,Rarely,Never,Somewhat satisfied,Very satisfied,Very satisfied,Sometimes,Very often,Somewhat satisfied,Somewhat satisfied,Somewhat satisfied,Somewhat satisfied,Somewhat satisfied,Very satisfied,Somewhat satisfied,Neither satisfied nor dissatisfied,Somewhat satisfied,To a great extent,To a great extent,To a great extent,To some extent,To some extent,To a great extent,To a great extent,To some extent,To a great extent,To some extent,Very often,Sometimes,1,Sometimes,Yes,Somewhat satisfied,No,No,No,No,No,Yes,Yes,Yes,Yes,No,Yes,Yes,Yes,Yes,Yes,Yes,Sometimes,Sometimes,Yes,No,Very satisfied,Not at all satisfied,Somewhat satisfied,Somewhat satisfied,Somewhat satisfied,Somewhat satisfied,No,NA,Somewhat unlikely,Not at all,Not at all,Not at all,Not at all,Not at all,Not at all,Not at all,Not at all,Not at all,Not at all,Not at all,To a great extent,To a great extent,To a great extent,To a great extent,To a great extent,To a great extent,To a great extent,Very satisfied,Yes,Yes,Neither satisfied nor dissatisfied,"My satisfaction could be significantly enhanced through three strategic institutional improvements: First, by fostering enhanced leadership engagement via more frequent and direct consultation sessions with the President and Executive Board; second, by implementing social activities designed to revitalize and promote genuine faculty cohesion and collegial networking; and third, by accelerating our digital transformation strategy through the provision of professional AI tools and the establishment of an urgent, institution-wide (transversal) training program on AI proficiency for all members of the university community (faculty, staff, and students).",,,,,,,,,,,,,,,,,,,,,,,,,,,,,
74,11/25/2025,Male,Married,Faculty of Business and Management,Business Administration,2006-2010,Professor,Al Kurah,4,Mixed,Yes,1,Just right,40-50 hours,Somewhat satisfied,Very satisfied,Not at all satisfied,Somewhat satisfied,Very satisfied,Somewhat satisfied,Yes. Serving currently.,Yes,Very often,Very often,Very satisfied,Very satisfied,"Department Chairperson, Academic Director",Very often,Sometimes,Very often,Very often,Very satisfied,Very satisfied,Very satisfied,Very often,Rarely,Very satisfied,Very satisfied,Very satisfied,Somewhat satisfied,Not at all satisfied,Somewhat satisfied,Very satisfied,Somewhat satisfied,Very satisfied,To a great extent,To a great extent,To a great extent,Not at all,To some extent,Not at all,Not at all,To a great extent,To a great extent,To a great extent,Sometimes,Sometimes,2,Sometimes,Yes,Very dissatisfied,No,No,No,Yes,Yes,Yes,Yes,Yes,Yes,No,Yes,Yes,Yes,Yes,Yes,Yes,Sometimes,Rarely,Yes,Yes,Very satisfied,Little satisfied,Not at all satisfied,Not at all satisfied,Very dissatisfied,Very dissatisfied,No,NA,Somewhat unlikely,To a great extent,To a great extent,Not at all,Not at all,Not at all,Not at all,Not at all,Not at all,Not at all,Not at all,Not at all,To a great extent,To a great extent,To some extent,To some extent,To some extent,To some extent,To some extent,Somewhat satisfied,Yes,Yes,Very dissatisfied,,,,,,,,,,,,,,,,,,,,,,,,,,,,,,
75,11/25/2025,Male,Married,Faculty of Engineering,Electrical Engineering,2006-2010,Professor,Al Kurah,0,NA,No,NA,Too heavy,40-50 hours,Very satisfied,Very satisfied,Somewhat satisfied,Somewhat satisfied,Very satisfied,Somewhat satisfied,Never,NA,Sometimes,Very often,Extremely satisfied,Extremely satisfied,NA,Extremely often,Sometimes,Sometimes,Sometimes,Neither satisfied nor dissatisfied,Extremely satisfied,Somewhat satisfied,Extremely often,Sometimes,Very satisfied,Very satisfied,Very satisfied,Very satisfied,Somewhat satisfied,Very satisfied,Very satisfied,NA,Somewhat satisfied,To some extent,To some extent,To some extent,To some extent,To some extent,To some extent,To some extent,To a great extent,To a great extent,To a great extent,Very often,Sometimes,1,Sometimes,Yes,Very satisfied,Yes,Yes,Yes,No,Yes,Yes,No,Yes,Yes,No,Yes,Yes,Yes,Yes,Yes,Yes,Sometimes,Very often,Yes,Yes,Extremely satisfied,Little satisfied,Little satisfied,Little satisfied,Somewhat dissatisfied,NA,No,NA,Neither,To a great extent,Not at all,To a great extent,Not at all,Not at all,Not at all,Not at all,Not at all,Not at all,To some extent,Not at all,To a great extent,To a great extent,To a great extent,To a great extent,To a great extent,To a great extent,To a great extent,Neither satisfied nor dissatisfied,Yes,Yes,Somewhat dissatisfied,"I truly feel that I belong to this institution, and it is the place where I believe I can give my maximum potential and efforts. I genuinely wish to remain working at UOB until my retirement while continuing to develop myself professionally and academically.
During the crisis period, I received several offers from other institutions, yet I chose to stay at UOB to support it through difficult times. However, at this stage, I strongly believe that salaries and benefits need to be reconsidered and improved to allow faculty members to live with dignity, especially given the significant inflation and drastic increase in living costs over the past years. Aligning compensation with current economic realities is essential.
Additionally, our workload is considerably higher compared to other American institutions, and addressing this issue would contribute greatly to maintaining a healthy, motivating, and sustainable work environment. I sincerely hope these concerns can be tackled so we can continue progressing and contributing effectively to the university?s mission.",,,,,,,,,,,,,,,,,,,,,,,,,,,,,
76,11/25/2025,Female,Single,Faculty of Business and Management,Economics,<2000,Professor,Al Kurah,NA,NA,No,NA,Much too heavy,25-35 hours,Not at all satisfied,Somewhat satisfied,Somewhat satisfied,Somewhat satisfied,Somewhat satisfied,Somewhat satisfied,Yes. Served prior to the past 5 academic years.,No,Very often,Very often,Very satisfied,Very satisfied,Department Chairperson,Never,Sometimes,Sometimes,Sometimes,Somewhat dissatisfied,Very satisfied,Somewhat satisfied,Very often,Sometimes,Somewhat satisfied,Somewhat satisfied,Somewhat satisfied,Little satisfied,Little satisfied,Somewhat satisfied,Somewhat satisfied,NA,Neither satisfied nor dissatisfied,To some extent,To a great extent,To a great extent,To some extent,Not at all,Not at all,Not at all,To some extent,To some extent,To some extent,Very often,Sometimes,1,Rarely,No,Very dissatisfied,No,No,No,No,No,Yes,Yes,Yes,Yes,Yes,Yes,No,No,Yes,Yes,No,Rarely,Very often,Yes,No,Somewhat satisfied,Little satisfied,Not at all satisfied,Little satisfied,Very dissatisfied,Not applicable,No,NA,Very unlikely,Not at all,Not at all,Not at all,Not at all,Not at all,Not at all,Not at all,Not at all,Not at all,Not at all,Not at all,To some extent,To some extent,Not at all,To a great extent,To a great extent,To a great extent,To a great extent,Very satisfied,Yes,NA,Neither satisfied nor dissatisfied,"There is a growing sense of unfairness among faculty members regarding the clear discrimination in our compensation structure and the persistent lack of transparency within the comptroller?s office. Despite our continuous efforts, academic workload, and commitment to the institution, many of us still face unexplained disparities in pay and irregularities in processing. Requests for clarification often go unanswered, and decisions appear arbitrary rather than grounded in objective criteria. This situation undermines morale, damages trust, and contradicts the standards of fairness and professionalism that a university should uphold. Clear communication, transparent guidelines, and equal treatment are urgently needed to restore confidence in the system.",,,,,,,,,,,,,,,,,,,,,,,,,,,,,
77,11/25/2025,Female,Single,Faculty of Business and Management,Business Administration,2006-2010,Associate Professor,Al Kurah,NA,NA,No,NA,Too heavy,40-50 hours,Little satisfied,Somewhat satisfied,Somewhat satisfied,NA,Very satisfied,NA,Yes. Served within the past 5 academic years.,Yes,Sometimes,Very often,Very satisfied,Very satisfied,"Department Chairperson, Academic Director",Very often,Sometimes,Never,Never,Somewhat dissatisfied,Very satisfied,Somewhat satisfied,Sometimes,Never,Very satisfied,Very satisfied,Somewhat satisfied,Somewhat satisfied,Somewhat satisfied,Very satisfied,Very satisfied,NA,Very satisfied,To some extent,To a great extent,To a great extent,NA,NA,To some extent,Not at all,To a great extent,NA,NA,Very often,Sometimes,1,Sometimes,Yes,Neither satisfied nor dissatisfied,NA,NA,NA,No,No,Yes,No,Yes,Yes,NA,Yes,Yes,Yes,Yes,Yes,Yes,Sometimes,Sometimes,Yes,Yes,Somewhat satisfied,Very satisfied,Somewhat satisfied,Somewhat satisfied,Somewhat satisfied,NA,No,NA,Very unlikely,NA,NA,NA,NA,NA,NA,NA,NA,NA,NA,NA,NA,NA,NA,NA,NA,NA,NA,Somewhat satisfied,Yes,Yes,Neither satisfied nor dissatisfied,"I would like to see better and more frequent communication from the university regarding matters that relate to us individually and more strategically regarding plans for the future as an institution. At the individual level, I am thinking more specificially about timely communication regarding compensation and salary adjustments. I understand the challenges posed by the crisis and the highly challenging task of planning ahead in a constantly changing environment; however, not knowing where we stand financially at the beginning of each new academic year is very frustrating and impairs our budgeting and financial planning abilities. Furthermore, I am worried about the depletion of the purchasing power of the pre-2020 indemnity and the absence of a plan to mitigate these effects. 
At the institutional level, I see many initiatives and partnerships being signed, and faculties getting accredited, which is amazing and makes me feel proud; however, we would benefit from better communication regarding strategic decisions and initiatives on a regular basis.",,,,,,,,,,,,,,,,,,,,,,,,,,,,,
78,11/25/2025,Female,Married,Faculty of Engineering,Civil Engineering,2022,Assistant Professor,Al Kurah,2,0?5,No,NA,Just right,25-35 hours,Very satisfied,Very satisfied,Somewhat satisfied,Very satisfied,Very satisfied,Somewhat satisfied,Yes. Serving currently.,Yes,Very often,Very often,Extremely satisfied,Extremely satisfied,Department Chairperson,Extremely often,Very often,Sometimes,Rarely,Very satisfied,Extremely satisfied,Very satisfied,Extremely often,Extremely often,Extremely satisfied,Extremely satisfied,Extremely satisfied,Extremely satisfied,Very satisfied,Extremely satisfied,Extremely satisfied,NA,Very satisfied,To a great extent,To a great extent,To a great extent,To a great extent,To a great extent,To a great extent,To a great extent,To a great extent,To a great extent,To a great extent,Very often,Extremely often,2,Very often,Yes,Very satisfied,Yes,NA,Yes,No,Yes,Yes,Yes,Yes,Yes,Yes,Yes,Yes,Yes,Yes,Yes,Yes,Very often,Very often,Yes,Yes,Extremely satisfied,Very satisfied,Very satisfied,Very satisfied,Very satisfied,Somewhat satisfied,No,NA,Very unlikely,Not at all,Not at all,Not at all,Not at all,Not at all,Not at all,Not at all,To some extent,Not at all,Not at all,Not at all,To a great extent,To a great extent,To a great extent,To a great extent,To a great extent,To a great extent,To a great extent,Very satisfied,Yes,Yes,Very satisfied,,,,,,,,,,,,,,,,,,,,,,,,,,,,,,
79,11/25/2025,Female,Married,Faculty of Arts and Sciences,Biology,2006-2010,Professor,Al Kurah,2,NA,No,NA,Just right,40-50 hours,Very satisfied,Very satisfied,Little satisfied,Little satisfied,Somewhat satisfied,Little satisfied,Never,NA,NA,NA,NA,NA,NA,NA,NA,NA,NA,NA,NA,NA,Sometimes,NA,NA,NA,NA,NA,NA,NA,NA,NA,NA,NA,NA,NA,NA,NA,NA,NA,NA,NA,NA,NA,NA,NA,NA,NA,NA,NA,NA,NA,NA,NA,NA,NA,NA,NA,NA,NA,NA,NA,NA,NA,NA,NA,NA,NA,NA,Very satisfied,Very satisfied,Somewhat satisfied,Somewhat satisfied,Somewhat satisfied,Not applicable,No,NA,Very unlikely,NA,NA,NA,NA,NA,NA,NA,NA,NA,NA,NA,NA,NA,NA,NA,NA,NA,NA,NA,NA,NA,NA,NA,,,,,,,,,,,,,,,,,,,,,,,,,,,,,
80,11/25/2025,Female,Married,Faculty of Engineering,Civil Engineering,2006-2010,Assistant Professor,Al Kurah,NA,Mixed,Yes,1,Just right,40-50 hours,Somewhat satisfied,Somewhat satisfied,Somewhat satisfied,Somewhat satisfied,Little satisfied,Somewhat satisfied,Yes. Served within the past 5 academic years.,NA,Rarely,Rarely,Somewhat satisfied,Very satisfied,NA,Very often,Sometimes,Rarely,Rarely,Neither satisfied nor dissatisfied,Somewhat satisfied,Somewhat satisfied,Very often,Rarely,Very satisfied,Very satisfied,Very satisfied,Very satisfied,Very satisfied,Very satisfied,Very satisfied,NA,Very satisfied,To a great extent,To a great extent,To a great extent,To a great extent,To a great extent,To a great extent,To a great extent,To a great extent,To a great extent,To a great extent,Very often,Sometimes,NA,Sometimes,No,Somewhat dissatisfied,Yes,NA,Yes,No,Yes,Yes,No,No,Yes,No,Yes,Yes,Yes,No,Yes,No,Sometimes,Sometimes,Yes,Yes,Somewhat satisfied,Not at all satisfied,Not at all satisfied,Not at all satisfied,Not applicable,Very dissatisfied,No,NA,Somewhat unlikely,NA,NA,NA,NA,NA,NA,NA,NA,NA,NA,NA,To a great extent,To a great extent,To a great extent,To a great extent,To a great extent,To a great extent,To a great extent,Somewhat dissatisfied,Yes,Yes,Neither satisfied nor dissatisfied,,,,,,,,,,,,,,,,,,,,,,,,,,,,,,
81,11/26/2025,Female,Married,Issam Fares Faculty of Technology,Aircraft Maintenance,2000-2005,Lecturer,Al Kurah,2,19+,Yes,1,Just right,25-35 hours,Very satisfied,Extremely satisfied,Somewhat satisfied,Somewhat satisfied,Very satisfied,Not at all satisfied,Never,NA,Very often,Very often,Very satisfied,Extremely satisfied,NA,Extremely often,Sometimes,Rarely,Never,Neither satisfied nor dissatisfied,Very satisfied,Very satisfied,Very often,Rarely,Very satisfied,Little satisfied,Somewhat satisfied,Somewhat satisfied,Somewhat satisfied,Extremely satisfied,Very satisfied,NA,Very satisfied,To a great extent,To a great extent,To a great extent,Not at all,To some extent,To some extent,To some extent,NA,To some extent,To a great extent,Rarely,Never,NA,Never,No,Neither satisfied nor dissatisfied,NA,NA,NA,No,NA,Yes,Yes,No,Non Applicable,NA,No,Yes,Yes,Yes,Yes,No,Very often,Sometimes,Yes,Yes,Somewhat satisfied,Somewhat satisfied,Not at all satisfied,Little satisfied,Very satisfied,Very dissatisfied,No,NA,Somewhat unlikely,NA,NA,NA,NA,NA,NA,NA,NA,NA,NA,NA,To a great extent,To some extent,To a great extent,To some extent,To a great extent,To a great extent,To a great extent,Neither satisfied nor dissatisfied,No,Yes,Neither satisfied nor dissatisfied,"This is now my 22nd year of employment at UOB, and I truly love my work. I am specialized in aviation, which is something unique to UOB. I live far away and drive 150 km every day. This is to say that I am not ready to leave UOB any time soon.
I understand the challenges we have all faced given the country?s situation. However, the lack of transparency and communication between upper management and staff, the feeling that we are not valued and can be replaced at any moment, the issues around indemnities, the salaries that have not reached even 100% of their value from six years ago, the inflation, the envelopes every two months, etc.?all of these have created obstacles to building trust and to fostering a sense of peace and belonging at UOB.
Thank you for giving us the opportunity to express our concerns",,,,,,,,,,,,,,,,,,,,,,,,,,,,,
82,11/27/2025,Male,Married,Faculty of Engineering,Engineering Management,2011-2015,Professor,Al Kurah,3,Mixed,Yes,3,Too heavy,40-50 hours,Little satisfied,Somewhat satisfied,Somewhat satisfied,Somewhat satisfied,Somewhat satisfied,Little satisfied,Yes. Served within the past 5 academic years.,No,Sometimes,Sometimes,Somewhat satisfied,Somewhat satisfied,Academic Director,Very often,Very often,Sometimes,Sometimes,Somewhat dissatisfied,Somewhat satisfied,Neither satisfied nor dissatisfied,Very often,Rarely,Somewhat satisfied,Somewhat satisfied,Somewhat satisfied,Somewhat satisfied,Somewhat satisfied,Little satisfied,Somewhat satisfied,NA,Somewhat satisfied,To a great extent,To a great extent,To a great extent,To some extent,Not at all,Not at all,Not at all,To some extent,To some extent,Not at all,Sometimes,Rarely,1,Never,No,Neither satisfied nor dissatisfied,No,No,No,No,No,NA,NA,NA,NA,NA,NA,NA,NA,NA,NA,NA,NA,NA,NA,NA,NA,NA,NA,NA,NA,NA,NA,NA,NA,NA,NA,NA,NA,NA,NA,NA,NA,NA,NA,NA,NA,NA,NA,NA,NA,NA,NA,NA,NA,NA,NA,NA,,,,,,,,,,,,,,,,,,,,,,,,,,,,,
83,11/27/2025,Female,Married,Faculty of Business and Management,Business Administration - Executive MBA,2016-2020,,Al Kurah,2,19+,NA,NA,Much too heavy,40-50 hours,Not at all satisfied,Little satisfied,Somewhat satisfied,Somewhat satisfied,Somewhat satisfied,Very satisfied,Yes. Serving currently.,Yes,Very often,Very often,Somewhat satisfied,Extremely satisfied,NA,Sometimes,Never,Sometimes,Extremely often,Very dissatisfied,Somewhat satisfied,Very dissatisfied,Rarely,Sometimes,Somewhat satisfied,Not at all satisfied,Not at all satisfied,Not at all satisfied,Little satisfied,Very satisfied,Somewhat satisfied,NA,Neither satisfied nor dissatisfied,To some extent,To some extent,To some extent,To some extent,Not at all,Not at all,Not at all,NA,To some extent,To a great extent,Rarely,Never,NA,Never,No,Somewhat dissatisfied,No,No,No,No,No,No,Yes,Yes,Yes,No,Yes,No,No,No,Yes,No,Sometimes,Never,No,NA,Little satisfied,Somewhat satisfied,Not at all satisfied,Not at all satisfied,Very dissatisfied,Very dissatisfied,No,NA,Very likely,To a great extent,To a great extent,To a great extent,Not at all,Not at all,To a great extent,Not at all,Not at all,Not at all,Not at all,To a great extent,To a great extent,To a great extent,Not at all,To a great extent,To a great extent,To some extent,To some extent,Very dissatisfied,No,No,Somewhat dissatisfied,"The current UOB administration (including ALL its members) does not value its people. You abuse people's loyalty. You abuse people's situations and the country's situation. You do not care about your people's well-being. You do not care about doing the right thing. You allow unethical practices. You give your people no security and no chance to better their situations. You keep people in powerful positions when you know that they are absolutely incompetent You also don't care about the UOB's reputation at all. Go listen to what people around you are saying, how bad your reputation has become. As someone who loves UOB and loves my colleagues, and adores my students, this is beyond saddening and disappointing. I also believe that this survey is probably because you want to window-dress some shortcomings or fulfil some accreditation requirements - we (collectively) do not believe that you care enough to actually listen to what we say in this survey and do anything about it. If you cared, you would have taken at least some actions a long long time ago. 
And finally, who are you fooling? This is absolutely not an anonymous survey when you ask for all those demographic details. You actually want to identify responders and then probably get back at them.",,,,,,,,,,,,,,,,,,,,,,,,,,,,,
84,11/28/2025,Male,Select...,Issam Fares Faculty of Technology,Mechatronics,Select...,,Souk El Ghareb,NA,NA,NA,NA,Much too heavy,40-50 hours,Not at all satisfied,Not at all satisfied,Somewhat satisfied,Somewhat satisfied,Very satisfied,Somewhat satisfied,Never,NA,Extremely often,Rarely,Little satisfied,Little satisfied,NA,Very often,Never,Extremely often,Never,Very dissatisfied,Not at all satisfied,Very satisfied,Never,Extremely often,Little satisfied,Little satisfied,Very satisfied,Not at all satisfied,Very satisfied,Very satisfied,Little satisfied,NA,Somewhat satisfied,To some extent,To some extent,To some extent,To some extent,To some extent,To some extent,To some extent,To some extent,To some extent,To some extent,Never,Never,NA,Never,No,Very dissatisfied,Yes,Yes,No,No,No,No,Yes,Yes,Yes,No,No,No,No,No,No,No,Never,Rarely,No,NA,Little satisfied,Not at all satisfied,Not at all satisfied,Not at all satisfied,Not applicable,Very dissatisfied,No,NA,Somewhat unlikely,To a great extent,To a great extent,To a great extent,Not at all,Not at all,To a great extent,Not at all,Not at all,Not at all,Not at all,To a great extent,To a great extent,To a great extent,To a great extent,To a great extent,To a great extent,To a great extent,To a great extent,Somewhat dissatisfied,NA,Yes,Neither satisfied nor dissatisfied,,,,,,,,,,,,,,,,,,,,,,,,,,,,,,
85,11/28/2025,Male,Divorced,Acad‚mie Libanaise des Beaux-Arts,Architecture,2011-2015,Senior Lecturer,Al Kurah,NA,NA,Yes,2,Too heavy,10-20 hours,Very satisfied,Very satisfied,Little satisfied,Very satisfied,Little satisfied,Little satisfied,Yes. Serving currently.,No,Very often,Very often,Very satisfied,Very satisfied,Department Chairperson,Very often,Very often,Very often,Very often,Neither satisfied nor dissatisfied,Somewhat satisfied,Somewhat satisfied,Rarely,Sometimes,Not at all satisfied,Little satisfied,Not at all satisfied,Not at all satisfied,Very satisfied,Very satisfied,Very satisfied,Neither satisfied nor dissatisfied,Very satisfied,To a great extent,To a great extent,To some extent,To some extent,To some extent,To a great extent,Not at all,To a great extent,To a great extent,To a great extent,Never,Never,NA,Never,No,Very dissatisfied,No,Yes,No,No,Yes,No,Yes,Yes,Yes,No,Yes,No,No,No,Yes,No,Very often,Extremely often,Yes,Yes,Not at all satisfied,Not at all satisfied,Not at all satisfied,Not at all satisfied,Somewhat dissatisfied,Very dissatisfied,No,NA,Very likely,To a great extent,To a great extent,To a great extent,Not at all,To a great extent,Not at all,To some extent,Not at all,Not at all,Not at all,Not at all,To a great extent,To a great extent,To a great extent,To a great extent,To a great extent,To a great extent,To a great extent,Very dissatisfied,Yes,Yes,Somewhat dissatisfied,,,,,,,,,,,,,,,,,,,,,,,,,,,,,,
86,11/28/2025,Female,Married,Faculty of Arts and Sciences,Education,2011-2015,Assistant Professor,Souk El Ghareb,2,19+,No,NA,Just right,25-35 hours,Extremely satisfied,Very satisfied,Somewhat satisfied,Somewhat satisfied,Little satisfied,Somewhat satisfied,Never,NA,Rarely,Rarely,Extremely satisfied,Extremely satisfied,NA,Extremely often,Very often,Very often,Sometimes,Very dissatisfied,Very satisfied,Somewhat satisfied,Very often,Never,Extremely satisfied,Little satisfied,Very satisfied,Very satisfied,Somewhat satisfied,Extremely satisfied,Very satisfied,NA,Very satisfied,Not at all,Not at all,To some extent,To a great extent,To some extent,To some extent,To a great extent,Not at all,To a great extent,Not at all,Sometimes,Sometimes,3,Rarely,Yes,Somewhat dissatisfied,No,No,No,No,Yes,Yes,No,No,No,No,No,Yes,Yes,Yes,Yes,No,Rarely,Never,No,NA,Somewhat satisfied,Not at all satisfied,Not at all satisfied,Not at all satisfied,Somewhat dissatisfied,Very dissatisfied,No,NA,Somewhat unlikely,To a great extent,To some extent,To a great extent,Not at all,To some extent,Not at all,To a great extent,Not at all,To some extent,To some extent,To a great extent,To a great extent,To a great extent,To a great extent,To a great extent,To a great extent,To a great extent,To a great extent,Neither satisfied nor dissatisfied,No,Yes,Neither satisfied nor dissatisfied,,,,,,,,,,,,,,,,,,,,,,,,,,,,,,
87,11/28/2025,Female,Married,Faculty of Health Sciences,Medical Laboratory Sciences,2011-2015,Associate Professor,Dekweneh,2,0?5,Yes,2,Much too heavy,40-50 hours,Very satisfied,Very satisfied,Somewhat satisfied,Very satisfied,Very satisfied,Somewhat satisfied,Never,NA,Very often,Very often,Very satisfied,Somewhat satisfied,NA,Extremely often,Rarely,Very often,Very often,Somewhat satisfied,Somewhat satisfied,Somewhat satisfied,Very often,Very often,Somewhat satisfied,Somewhat satisfied,Somewhat satisfied,Somewhat satisfied,Somewhat satisfied,Little satisfied,Very satisfied,NA,Somewhat satisfied,To a great extent,To a great extent,To some extent,To some extent,Not at all,To some extent,To some extent,To some extent,To some extent,Not at all,Sometimes,Never,NA,Sometimes,Yes,Somewhat satisfied,Yes,Yes,Yes,No,Yes,Yes,Yes,Yes,Yes,Yes,Yes,Yes,Yes,Yes,Yes,Yes,Very often,Rarely,Yes,Yes,Somewhat satisfied,Little satisfied,Not at all satisfied,Not at all satisfied,Somewhat satisfied,Very dissatisfied,No,NA,Somewhat unlikely,NA,NA,NA,NA,NA,NA,NA,NA,NA,NA,NA,To a great extent,To a great extent,To a great extent,To a great extent,To a great extent,To a great extent,To a great extent,Somewhat satisfied,Yes,Yes,Neither satisfied nor dissatisfied,,,,,,,,,,,,,,,,,,,,,,,,,,,,,,
88,11/28/2025,Male,Married,Faculty of Engineering,Civil Engineering,2023,Assistant Professor,Al Kurah,1,0?5,No,NA,Just right,40-50 hours,Somewhat satisfied,Very satisfied,Somewhat satisfied,Somewhat satisfied,Very satisfied,Very satisfied,Never,NA,Sometimes,Very often,Very satisfied,Extremely satisfied,NA,Very often,Very often,Very often,Rarely,Somewhat satisfied,Very satisfied,Very satisfied,Very often,Very often,Very satisfied,Very satisfied,Very satisfied,Very satisfied,Very satisfied,Very satisfied,Very satisfied,Neither satisfied nor dissatisfied,Somewhat satisfied,To a great extent,To a great extent,To a great extent,To a great extent,To a great extent,To a great extent,To a great extent,To a great extent,To a great extent,To a great extent,Very often,Very often,More than 3,Very often,Yes,Somewhat dissatisfied,Yes,Yes,Yes,Yes,Yes,Yes,Yes,Yes,Yes,Yes,Yes,Yes,Yes,Yes,Yes,Yes,Very often,Very often,Yes,Yes,Somewhat satisfied,Somewhat satisfied,Somewhat satisfied,Somewhat satisfied,Very satisfied,Somewhat dissatisfied,No,NA,Somewhat unlikely,NA,NA,NA,NA,NA,NA,NA,NA,NA,NA,NA,To a great extent,To a great extent,To a great extent,To a great extent,To a great extent,To a great extent,To a great extent,Very satisfied,Yes,Yes,Very satisfied,"Keep the good work, and god bless you.",,,,,,,,,,,,,,,,,,,,,,,,,,,,,
89,11/28/2025,Female,Single,Faculty of Arts and Sciences,Psychology,2022,Assistant Professor,Al Kurah,NA,NA,No,NA,Too heavy,40-50 hours,Somewhat satisfied,Very satisfied,Somewhat satisfied,Very satisfied,Very satisfied,Somewhat satisfied,Yes. Serving currently.,Yes,Very often,Very often,Very satisfied,Extremely satisfied,Department Chairperson,Very often,Sometimes,Very often,Sometimes,Somewhat dissatisfied,Very satisfied,Somewhat satisfied,Sometimes,Sometimes,Little satisfied,Little satisfied,NA,NA,Not at all satisfied,Very satisfied,Very satisfied,NA,Very satisfied,To a great extent,To a great extent,To a great extent,To a great extent,To a great extent,To a great extent,To a great extent,To a great extent,To a great extent,To a great extent,Rarely,Rarely,NA,Sometimes,Yes,Neither satisfied nor dissatisfied,No,Yes,No,No,No,Yes,Yes,Yes,Yes,Yes,No,Yes,Yes,Yes,Yes,No,Sometimes,Rarely,Yes,Yes,Little satisfied,Somewhat satisfied,Not at all satisfied,Little satisfied,Somewhat satisfied,Not applicable,No,NA,Somewhat unlikely,NA,NA,NA,NA,NA,NA,NA,NA,NA,NA,NA,NA,NA,NA,NA,NA,NA,NA,Neither satisfied nor dissatisfied,No,NA,Somewhat satisfied,I would appreciate clear and transparent communication concerning salaries. We sometimes feel insecure and not well informed about our payments/raise. All other academic institutions provide clear information in advance.,,,,,,,,,,,,,,,,,,,,,,,,,,,,,
90,11/28/2025,Female,Married,Acad‚mie Libanaise des Beaux-Arts,Computer Graphics and Interactive Media,2000-2005,Lecturer,Al Kurah,3,Mixed,No,NA,Too heavy,NA,Very satisfied,Somewhat satisfied,Somewhat satisfied,Somewhat satisfied,Somewhat satisfied,Somewhat satisfied,Yes. Serving currently.,No,Sometimes,Sometimes,Somewhat satisfied,Extremely satisfied,Department Chairperson,Very often,Rarely,Sometimes,Very often,Somewhat dissatisfied,Very satisfied,Somewhat dissatisfied,Very often,Very often,Little satisfied,Little satisfied,Not at all satisfied,Not at all satisfied,Somewhat satisfied,Very satisfied,Somewhat satisfied,Neither satisfied nor dissatisfied,Very satisfied,To some extent,To some extent,To some extent,To some extent,To some extent,To a great extent,Not at all,To some extent,To some extent,To a great extent,Rarely,Never,NA,Rarely,No,Somewhat dissatisfied,Yes,Yes,No,No,No,Yes,No,Yes,Non Applicable,No,Yes,No,No,Yes,Yes,Yes,Very often,Very often,Yes,Yes,Little satisfied,Somewhat satisfied,Not at all satisfied,Not at all satisfied,Somewhat satisfied,Very dissatisfied,No,NA,Neither,To a great extent,To a great extent,To a great extent,To a great extent,To a great extent,Not at all,To some extent,To some extent,To some extent,To some extent,To a great extent,To a great extent,To a great extent,To a great extent,To a great extent,To a great extent,To a great extent,To a great extent,Neither satisfied nor dissatisfied,NA,No,Neither satisfied nor dissatisfied,,,,,,,,,,,,,,,,,,,,,,,,,,,,,,
91,11/28/2025,Male,Married,Issam Fares Faculty of Technology,Mechatronics,2016-2020,Associate Professor,Souk El Ghareb,2,0?5,No,NA,Just right,25-35 hours,Very satisfied,Very satisfied,Not at all satisfied,NA,Very satisfied,Not at all satisfied,Yes. Serving currently.,Yes,Extremely often,Extremely often,Extremely satisfied,Very satisfied,"Associate Dean/ Assistant Dean, Academic Director",Very often,Very often,NA,Sometimes,Neither satisfied nor dissatisfied,Somewhat satisfied,Somewhat satisfied,Very often,Rarely,Little satisfied,Somewhat satisfied,Somewhat satisfied,Little satisfied,Very satisfied,Very satisfied,Somewhat satisfied,NA,Somewhat dissatisfied,Not at all,Not at all,To some extent,To some extent,Not at all,Not at all,To some extent,Not at all,To some extent,To some extent,Sometimes,Sometimes,More than 3,Very often,Yes,Very dissatisfied,Yes,Yes,Yes,No,Yes,Yes,Yes,Yes,Yes,Yes,Yes,Yes,Yes,Yes,Yes,Yes,Extremely often,Very often,No,NA,Very satisfied,Not at all satisfied,Not at all satisfied,Little satisfied,Somewhat dissatisfied,Very dissatisfied,No,NA,Neither,To a great extent,To a great extent,To a great extent,Not at all,To some extent,To a great extent,To a great extent,Not at all,Not at all,Not at all,To a great extent,To a great extent,To a great extent,To a great extent,To a great extent,To a great extent,To a great extent,To a great extent,Somewhat dissatisfied,Yes,No,Neither satisfied nor dissatisfied,,,,,,,,,,,,,,,,,,,,,,,,,,,,,,
92,11/28/2025,Male,Married,Faculty of Engineering,Computer Engineering,2000-2005,Professor,Al Kurah,4,Mixed,No,NA,Too heavy,40-50 hours,Little satisfied,Somewhat satisfied,Not at all satisfied,Little satisfied,Somewhat satisfied,Somewhat satisfied,Yes. Served prior to the past 5 academic years.,Yes,Sometimes,Rarely,Little satisfied,Somewhat satisfied,NA,Very often,Sometimes,Rarely,Rarely,Somewhat dissatisfied,Not at all satisfied,Neither satisfied nor dissatisfied,Rarely,Never,Somewhat satisfied,Not at all satisfied,Somewhat satisfied,NA,Very satisfied,Very satisfied,Somewhat satisfied,NA,Very satisfied,NA,NA,NA,NA,NA,NA,NA,NA,NA,NA,Rarely,Rarely,NA,Never,No,Somewhat dissatisfied,No,No,Yes,No,No,No,No,No,Yes,No,Yes,No,No,No,Yes,No,Sometimes,Rarely,Yes,Yes,Very satisfied,Somewhat satisfied,Not at all satisfied,Not at all satisfied,Somewhat dissatisfied,Very dissatisfied,No,NA,NA,NA,NA,NA,NA,NA,NA,NA,NA,NA,NA,NA,To some extent,Not at all,To some extent,To some extent,To a great extent,To a great extent,To a great extent,Somewhat dissatisfied,NA,NA,Somewhat dissatisfied,"in addition to the above and more importantly, to re-build trust between all UOB stakeholders and the surrounding community. if done, I am sure everything will be okay.",,,,,,,,,,,,,,,,,,,,,,,,,,,,,
93,11/28/2025,Female,Single,Faculty of Health Sciences,Nursing,2000-2005,Associate Professor,Dekweneh,NA,NA,No,NA,Too heavy,40-50 hours,Very satisfied,Very satisfied,Somewhat satisfied,Somewhat satisfied,Not at all satisfied,Not at all satisfied,Yes. Serving currently.,Yes,Very often,Very often,Very satisfied,Very satisfied,Department Chairperson,Extremely often,Sometimes,Rarely,Rarely,Somewhat satisfied,Somewhat satisfied,Somewhat satisfied,Very often,Sometimes,Somewhat satisfied,Somewhat satisfied,Somewhat satisfied,Little satisfied,Somewhat satisfied,Very satisfied,Very satisfied,NA,Somewhat dissatisfied,To a great extent,To a great extent,To a great extent,To some extent,To some extent,To some extent,To some extent,To a great extent,To a great extent,NA,Sometimes,Sometimes,1,Very often,Yes,Somewhat satisfied,Yes,Yes,Yes,No,Yes,Yes,Yes,Yes,Yes,Yes,Yes,Yes,Yes,Yes,Yes,Yes,Very often,Rarely,Yes,Yes,Very satisfied,Somewhat satisfied,Little satisfied,Somewhat satisfied,Somewhat satisfied,Not applicable,No,NA,Somewhat unlikely,NA,NA,NA,NA,NA,NA,NA,NA,NA,NA,NA,To a great extent,To a great extent,Not at all,To a great extent,To a great extent,To a great extent,To a great extent,Somewhat satisfied,Yes,Yes,Somewhat satisfied,"I would suggest ensuring more opportunities for faculty development relying on local and international resources. This would enhance the quality of teaching and learning, as well as research activities and community services.",,,,,,,,,,,,,,,,,,,,,,,,,,,,,
94,11/28/2025,Female,Married,Faculty of Arts and Sciences,"Languages, Translation",2016-2020,Assistant Professor,Al Kurah,0,NA,No,NA,Too heavy,40-50 hours,Extremely satisfied,Somewhat satisfied,Very satisfied,Very satisfied,Little satisfied,Little satisfied,Yes. Serving currently.,Yes,Very often,Very often,Very satisfied,Very satisfied,Department Chairperson,Extremely often,Rarely,Very often,Rarely,Somewhat satisfied,Somewhat satisfied,Somewhat satisfied,Sometimes,Rarely,Somewhat satisfied,Somewhat satisfied,Very satisfied,Little satisfied,Somewhat satisfied,Extremely satisfied,Extremely satisfied,NA,Very satisfied,To a great extent,To a great extent,To some extent,To some extent,To some extent,To some extent,To some extent,To some extent,To a great extent,To a great extent,Sometimes,Sometimes,More than 3,Sometimes,Yes,Somewhat dissatisfied,Yes,Yes,Yes,Yes,No,No,Yes,Yes,Yes,Yes,Yes,Yes,Yes,Yes,Yes,Yes,Sometimes,Very often,Yes,Yes,Somewhat satisfied,Somewhat satisfied,Somewhat satisfied,Somewhat satisfied,Somewhat satisfied,Not applicable,No,NA,Very unlikely,NA,NA,NA,NA,NA,NA,NA,NA,NA,NA,NA,To a great extent,To a great extent,To a great extent,To a great extent,To a great extent,To a great extent,To a great extent,Somewhat satisfied,Yes,Yes,Somewhat satisfied,,,,,,,,,,,,,,,,,,,,,,,,,,,,,,
95,11/28/2025,Female,Married,Faculty of Arts and Sciences,Computer Science,2023,Assistant Professor,Souk El Ghareb,1,0?5,No,NA,Too heavy,25-35 hours,Somewhat satisfied,Very satisfied,Little satisfied,Somewhat satisfied,Little satisfied,Not at all satisfied,Never,NA,Rarely,Sometimes,Somewhat satisfied,Very satisfied,NA,Extremely often,Sometimes,Sometimes,Rarely,Very dissatisfied,Very satisfied,Somewhat satisfied,Sometimes,Never,Somewhat satisfied,Very satisfied,Somewhat satisfied,Somewhat satisfied,Little satisfied,Little satisfied,Very satisfied,NA,Very satisfied,To some extent,To some extent,To some extent,To some extent,To some extent,To a great extent,To some extent,To some extent,To some extent,To some extent,Rarely,Rarely,NA,Rarely,No,Neither satisfied nor dissatisfied,No,Yes,Yes,Yes,NA,NA,NA,NA,NA,NA,NA,NA,NA,NA,NA,NA,NA,NA,NA,NA,NA,NA,NA,NA,NA,NA,NA,NA,NA,NA,NA,NA,NA,NA,NA,NA,NA,NA,NA,NA,NA,NA,NA,NA,NA,NA,NA,NA,NA,NA,NA,NA,,,,,,,,,,,,,,,,,,,,,,,,,,,,,
96,11/28/2025,Female,Married,Faculty of Medicine and Medical Sciences,Medicine,2024,Assistant Professor,Al Kurah,0,NA,No,NA,Too heavy,40-50 hours,Somewhat satisfied,Somewhat satisfied,Somewhat satisfied,Somewhat satisfied,Somewhat satisfied,Somewhat satisfied,Yes. Serving currently.,Yes,Very often,Very often,Very satisfied,Very satisfied,Associate Dean/ Assistant Dean,Very often,Sometimes,Sometimes,Sometimes,Somewhat satisfied,Somewhat satisfied,Somewhat satisfied,Sometimes,Very often,Somewhat satisfied,Somewhat satisfied,Very satisfied,Somewhat satisfied,NA,Very satisfied,Very satisfied,Very satisfied,NA,NA,NA,To some extent,To some extent,To some extent,To a great extent,To some extent,NA,NA,NA,Sometimes,Sometimes,1,Sometimes,NA,Neither satisfied nor dissatisfied,Yes,No,NA,NA,NA,Yes,No,No,Yes,Yes,Yes,Yes,Yes,Yes,Yes,Yes,Very often,NA,Yes,Yes,Very satisfied,Very satisfied,Very satisfied,Very satisfied,Not applicable,Not applicable,No,NA,Very unlikely,NA,NA,NA,NA,NA,NA,NA,NA,NA,NA,NA,NA,NA,NA,NA,NA,NA,NA,Somewhat satisfied,Yes,NA,Somewhat satisfied,,,,,,,,,,,,,,,,,,,,,,,,,,,,,,
97,11/28/2025,Female,Married,Faculty of Health Sciences,Public Health and Development Sciences,2016-2020,Associate Professor,Dekweneh,2,6?12,No,NA,Too heavy,40-50 hours,Very satisfied,Extremely satisfied,Little satisfied,Little satisfied,Little satisfied,Little satisfied,Yes. Served within the past 5 academic years.,Yes,Extremely often,Extremely often,Somewhat satisfied,Extremely satisfied,Department Chairperson,Extremely often,Very often,Extremely often,Rarely,Neither satisfied nor dissatisfied,Very satisfied,Somewhat satisfied,Sometimes,Extremely often,Very satisfied,Somewhat satisfied,Very satisfied,Very satisfied,Somewhat satisfied,Not at all satisfied,Very satisfied,Neither satisfied nor dissatisfied,Very satisfied,To some extent,To a great extent,To a great extent,To a great extent,Not at all,To a great extent,To a great extent,To a great extent,To a great extent,To a great extent,Very often,Sometimes,2,Rarely,Yes,Somewhat dissatisfied,Yes,Yes,No,Yes,No,Yes,Yes,Yes,Yes,No,Yes,Yes,Yes,Yes,No,Yes,Very often,Sometimes,Yes,Yes,Somewhat satisfied,Very satisfied,Not at all satisfied,Not at all satisfied,Somewhat satisfied,Very dissatisfied,No,NA,Somewhat likely,To a great extent,To a great extent,Not at all,To some extent,NA,To a great extent,To some extent,Not at all,Not at all,Not at all,Not at all,To a great extent,To a great extent,To a great extent,To a great extent,To a great extent,To a great extent,To a great extent,Neither satisfied nor dissatisfied,Yes,No,Somewhat dissatisfied,,,,,,,,,,,,,,,,,,,,,,,,,,,,,,
98,11/28/2025,Male,Married,Saint John of Damascus Institute of Theology,Theology,2006-2010,Associate Professor,Al Kurah,3,0?5,Yes,2,Too heavy,25-35 hours,Very satisfied,Very satisfied,Very satisfied,Very satisfied,Very satisfied,Somewhat satisfied,Yes. Serving currently.,Yes,Very often,Very often,Very satisfied,Extremely satisfied,Academic Director,Extremely often,Sometimes,Sometimes,Very often,Neither satisfied nor dissatisfied,Very satisfied,Very satisfied,Very often,Sometimes,Very satisfied,Very satisfied,Somewhat satisfied,Somewhat satisfied,Very satisfied,Very satisfied,Very satisfied,NA,Very satisfied,To a great extent,Not at all,To a great extent,To a great extent,To a great extent,To a great extent,To a great extent,To a great extent,To a great extent,To a great extent,Sometimes,Sometimes,2,Sometimes,Yes,Somewhat satisfied,Yes,Yes,NA,NA,NA,Yes,Yes,Yes,Yes,Yes,Yes,Yes,Yes,Yes,Yes,Yes,Sometimes,Very often,Yes,Yes,Very satisfied,Somewhat satisfied,Somewhat satisfied,Very satisfied,Not applicable,Somewhat satisfied,No,NA,Very unlikely,NA,NA,NA,NA,NA,NA,NA,NA,NA,NA,NA,NA,NA,NA,NA,NA,NA,NA,Very satisfied,Yes,Yes,Somewhat satisfied,,,,,,,,,,,,,,,,,,,,,,,,,,,,,,
99,11/28/2025,Female,Married,Faculty of Arts and Sciences,Psychology - Clinical Psychology,<2000,Associate Professor,Al Kurah,2,19+,No,NA,Too heavy,25-35 hours,Extremely satisfied,Extremely satisfied,Little satisfied,Very satisfied,Very satisfied,Very satisfied,Yes. Served within the past 5 academic years.,Yes,Sometimes,Very often,Somewhat satisfied,Very satisfied,Department Chairperson,Very often,Very often,Rarely,Rarely,Somewhat dissatisfied,Very satisfied,Very satisfied,Sometimes,Very often,Somewhat satisfied,Somewhat satisfied,Somewhat satisfied,Somewhat satisfied,Not at all satisfied,Somewhat satisfied,Very satisfied,NA,Somewhat dissatisfied,To a great extent,To a great extent,To some extent,NA,NA,To some extent,Not at all,To a great extent,To a great extent,NA,NA,NA,NA,NA,NA,NA,NA,NA,NA,NA,NA,NA,NA,NA,NA,NA,NA,NA,NA,NA,NA,NA,NA,NA,NA,NA,NA,NA,NA,NA,NA,NA,NA,NA,NA,NA,NA,NA,NA,NA,NA,NA,NA,NA,NA,NA,NA,NA,NA,NA,NA,NA,NA,NA,NA,NA,NA,NA,,,,,,,,,,,,,,,,,,,,,,,,,,,,,
100,11/28/2025,Male,Married,Faculty of Arts and Sciences,Mathematics,2011-2015,Assistant Professor,Al Kurah,3,13?18,No,NA,Too heavy,25-35 hours,Little satisfied,Somewhat satisfied,Little satisfied,Very satisfied,Somewhat satisfied,Not at all satisfied,Yes. Served within the past 5 academic years.,Yes,Very often,Extremely often,Extremely satisfied,Very satisfied,Department Chairperson,Very often,Extremely often,Very often,Sometimes,Somewhat dissatisfied,Somewhat satisfied,Somewhat dissatisfied,Sometimes,Sometimes,Very satisfied,Somewhat satisfied,Little satisfied,Little satisfied,Very satisfied,Extremely satisfied,Very satisfied,Neither satisfied nor dissatisfied,Very satisfied,To some extent,To a great extent,To some extent,Not at all,To some extent,To some extent,Not at all,To some extent,Not at all,To some extent,Rarely,Rarely,1,Sometimes,No,Very dissatisfied,Yes,Yes,Yes,No,No,Yes,Yes,Yes,No,No,Yes,Yes,Yes,No,Yes,Yes,Rarely,Sometimes,Yes,Yes,Not at all satisfied,Somewhat satisfied,Little satisfied,Not at all satisfied,Not applicable,Very dissatisfied,No,NA,Very unlikely,NA,NA,NA,NA,NA,NA,NA,NA,NA,NA,NA,NA,NA,NA,NA,NA,NA,NA,Somewhat dissatisfied,Yes,Yes,Somewhat dissatisfied,,,,,,,,,,,,,,,,,,,,,,,,,,,,,,
101,11/28/2025,Male,Single,Faculty of Medicine and Medical Sciences,Biomedical Sciences,2023,Professor,Al Kurah,NA,NA,No,NA,Just right,25-35 hours,Somewhat satisfied,Somewhat satisfied,Somewhat satisfied,Little satisfied,Somewhat satisfied,Little satisfied,Never,NA,Sometimes,Very often,Somewhat satisfied,Extremely satisfied,NA,Very often,Rarely,Sometimes,Sometimes,Somewhat satisfied,Somewhat satisfied,Very satisfied,NA,NA,NA,NA,NA,NA,NA,NA,NA,NA,NA,NA,NA,NA,NA,NA,NA,NA,NA,NA,NA,NA,NA,NA,NA,NA,NA,NA,NA,NA,NA,NA,NA,NA,NA,NA,NA,NA,NA,NA,NA,NA,NA,NA,NA,NA,NA,NA,NA,NA,NA,NA,NA,NA,NA,NA,NA,NA,NA,NA,NA,NA,NA,NA,NA,NA,NA,NA,NA,NA,NA,NA,NA,NA,NA,NA,NA,NA,NA,,,,,,,,,,,,,,,,,,,,,,,,,,,,,
102,11/28/2025,Female,Married,Faculty of Arts and Sciences,Psychology,2016-2020,Lecturer,Al Kurah,1,0?5,No,NA,Too heavy,25-35 hours,Very satisfied,Very satisfied,Somewhat satisfied,Extremely satisfied,Somewhat satisfied,Very satisfied,Never,NA,Extremely often,Extremely often,Extremely satisfied,Extremely satisfied,NA,Very often,Sometimes,Very often,Never,Somewhat dissatisfied,Extremely satisfied,Somewhat satisfied,Very often,Very often,Little satisfied,Little satisfied,NA,NA,Little satisfied,Somewhat satisfied,Very satisfied,NA,Very satisfied,To some extent,To a great extent,To a great extent,Not at all,To some extent,To some extent,To a great extent,NA,To a great extent,NA,Rarely,Rarely,NA,Very often,NA,NA,NA,NA,NA,No,No,No,Yes,Yes,Yes,Yes,No,Yes,Yes,Yes,Yes,No,Very often,Rarely,Yes,No,Little satisfied,Little satisfied,Not at all satisfied,Not at all satisfied,Very satisfied,Very dissatisfied,Yes,Somewhat satisfied,Somewhat unlikely,NA,NA,NA,NA,NA,NA,NA,NA,NA,NA,NA,To a great extent,To a great extent,To a great extent,Not at all,To some extent,To a great extent,To a great extent,Somewhat satisfied,Yes,Yes,Neither satisfied nor dissatisfied,"As a faculty member at UOB, I genuinely appreciate the exceptional working environment within my department and the wider faculty. The collaboration, support, and collegial spirit here are truly remarkable, and they are a major reason why I have never considered leaving. At the same time, I feel that the broader university?s communication with its faculty members is often insufficient, and this lack of transparency can come across as insufficiently attentive to faculty. Strengthening communication would not only improve our sense of inclusion but also reinforce the strong foundation that already exists within our academic community.",,,,,,,,,,,,,,,,,,,,,,,,,,,,,
103,11/28/2025,Female,Married,Issam Fares Faculty of Technology,Mechatronics,2011-2015,Assistant Professor,Al Kurah,3,13?18,No,NA,Just right,25-35 hours,Somewhat satisfied,Somewhat satisfied,Little satisfied,NA,Somewhat satisfied,NA,Never,NA,Sometimes,Sometimes,Somewhat satisfied,Somewhat satisfied,NA,NA,Sometimes,NA,NA,Somewhat satisfied,Somewhat satisfied,Somewhat satisfied,Very often,Sometimes,Somewhat satisfied,Very satisfied,Very satisfied,Very satisfied,Very satisfied,Very satisfied,Very satisfied,NA,NA,To a great extent,To a great extent,To some extent,To some extent,To some extent,To a great extent,To a great extent,NA,NA,NA,Very often,Very often,NA,Sometimes,Yes,Somewhat satisfied,Yes,Yes,Yes,Yes,NA,NA,No,Yes,NA,NA,Yes,NA,NA,NA,NA,NA,Sometimes,NA,NA,NA,NA,Somewhat satisfied,Little satisfied,Very satisfied,Very satisfied,Somewhat satisfied,NA,NA,Very unlikely,NA,NA,NA,NA,NA,NA,NA,NA,NA,NA,NA,To a great extent,To a great extent,To a great extent,NA,NA,NA,To a great extent,Very satisfied,Yes,Yes,NA,"Implementing a rotation system for appointing department chairs, assistant and associate deans ? with a specific, fixed term ? ensures a healthier and more balanced administrative structure.",,,,,,,,,,,,,,,,,,,,,,,,,,,,,
104,11/28/2025,Male,Married,Faculty of Business and Management,Business Administration,2006-2010,Senior Lecturer,Al Kurah,2,19+,No,NA,Just right,25-35 hours,Very satisfied,Very satisfied,Somewhat satisfied,Somewhat satisfied,Very satisfied,Somewhat satisfied,Never,NA,Very often,Extremely often,Extremely satisfied,Extremely satisfied,NA,Extremely often,Very often,Sometimes,Sometimes,Very satisfied,Extremely satisfied,Very satisfied,Very often,Very often,Very satisfied,Very satisfied,Somewhat satisfied,Very satisfied,Extremely satisfied,Extremely satisfied,Extremely satisfied,NA,Very satisfied,To a great extent,To a great extent,To a great extent,To some extent,To some extent,To a great extent,To some extent,To a great extent,To a great extent,To some extent,Very often,Very often,More than 3,Sometimes,Yes,Very satisfied,Yes,Yes,Yes,Yes,Yes,Yes,No,Yes,Yes,Yes,Yes,Yes,Yes,Yes,Yes,Yes,Extremely often,Very often,Yes,Yes,Extremely satisfied,Very satisfied,Somewhat satisfied,Very satisfied,Not applicable,Not applicable,No,NA,Very unlikely,NA,NA,NA,NA,NA,NA,NA,NA,NA,NA,NA,To a great extent,To a great extent,Not at all,To a great extent,To some extent,To a great extent,To some extent,Very satisfied,Yes,Yes,Neither satisfied nor dissatisfied,,,,,,,,,,,,,,,,,,,,,,,,,,,,,,
105,11/28/2025,Female,Married,Faculty of Engineering,Electrical Engineering,2022,Assistant Professor,Al Kurah,1,0?5,No,NA,Just right,10-20 hours,Somewhat satisfied,Very satisfied,Very satisfied,Somewhat satisfied,Little satisfied,Little satisfied,Never,NA,Never,Very often,Very satisfied,Very satisfied,NA,Very often,Sometimes,Never,Never,Neither satisfied nor dissatisfied,Little satisfied,Somewhat satisfied,Very often,Rarely,Somewhat satisfied,Very satisfied,Somewhat satisfied,Little satisfied,Little satisfied,Very satisfied,Very satisfied,NA,Very satisfied,To some extent,To some extent,To a great extent,To a great extent,To a great extent,To a great extent,To a great extent,To some extent,To some extent,To some extent,Sometimes,Sometimes,1,Sometimes,No,Neither satisfied nor dissatisfied,No,Yes,NA,Yes,No,Yes,Yes,No,Yes,Yes,Yes,Yes,Yes,Yes,Yes,Yes,Very often,Sometimes,Yes,Yes,Very satisfied,Somewhat satisfied,Little satisfied,Little satisfied,Somewhat dissatisfied,Not applicable,No,NA,Very unlikely,To a great extent,To some extent,To a great extent,Not at all,To some extent,Not at all,Not at all,Not at all,Not at all,Not at all,To some extent,To a great extent,To a great extent,To a great extent,To a great extent,To a great extent,To a great extent,To a great extent,Somewhat satisfied,Yes,No,Very satisfied,,,,,,,,,,,,,,,,,,,,,,,,,,,,,,
106,11/28/2025,Male,Married,Acad‚mie Libanaise des Beaux-Arts,Architecture,<2000,Assistant Professor,Al Kurah,3,Mixed,No,NA,Too heavy,40-50 hours,Somewhat satisfied,Somewhat satisfied,Little satisfied,Very satisfied,Somewhat satisfied,Not at all satisfied,Yes. Serving currently.,Yes,Very often,Very often,Very satisfied,Very satisfied,Academic Director,Very often,Never,Rarely,Never,Neither satisfied nor dissatisfied,Somewhat satisfied,Neither satisfied nor dissatisfied,Very often,Sometimes,Little satisfied,Not at all satisfied,Little satisfied,Little satisfied,Little satisfied,Very satisfied,Very satisfied,Neither satisfied nor dissatisfied,Somewhat satisfied,To some extent,To a great extent,To some extent,To a great extent,To a great extent,Not at all,Not at all,To some extent,To a great extent,To a great extent,Rarely,Rarely,1,Rarely,No,Somewhat dissatisfied,Yes,Yes,No,No,No,Yes,Yes,Yes,Non Applicable,Yes,No,Yes,Yes,Yes,Yes,Yes,Extremely often,Extremely often,No,NA,Somewhat satisfied,Very satisfied,Little satisfied,Little satisfied,Somewhat satisfied,Somewhat dissatisfied,No,NA,Very unlikely,To a great extent,To some extent,To some extent,To some extent,To some extent,Not at all,Not at all,Not at all,Not at all,Not at all,To some extent,To a great extent,To a great extent,To a great extent,To a great extent,To a great extent,To a great extent,To a great extent,Somewhat satisfied,Yes,Yes,Very satisfied,,,,,,,,,,,,,,,,,,,,,,,,,,,,,,
107,11/28/2025,Male,Married,Faculty of Engineering,Civil Engineering,2016-2020,Associate Professor,Al Kurah,0,NA,No,NA,Too heavy,40-50 hours,Somewhat satisfied,Very satisfied,Little satisfied,Somewhat satisfied,Somewhat satisfied,Somewhat satisfied,Never,NA,Sometimes,Very often,Somewhat satisfied,Very satisfied,NA,Sometimes,Sometimes,Very often,Rarely,Neither satisfied nor dissatisfied,Very satisfied,Somewhat satisfied,Very often,Very often,Very satisfied,Extremely satisfied,Extremely satisfied,Very satisfied,Very satisfied,Extremely satisfied,Extremely satisfied,NA,Very satisfied,To a great extent,To a great extent,To a great extent,To a great extent,To a great extent,To a great extent,To some extent,To a great extent,To a great extent,To a great extent,Rarely,Sometimes,1,Sometimes,Yes,Somewhat dissatisfied,Yes,Yes,No,No,Yes,Yes,No,Yes,Yes,Yes,Yes,Yes,Yes,Yes,Yes,No,Sometimes,Sometimes,Yes,Yes,Very satisfied,Little satisfied,Somewhat satisfied,Little satisfied,Not applicable,Not applicable,No,NA,Somewhat unlikely,NA,NA,NA,NA,NA,NA,NA,NA,NA,NA,NA,To a great extent,To a great extent,To a great extent,To a great extent,To a great extent,To a great extent,To some extent,Somewhat satisfied,Yes,Yes,Very satisfied,"As a UOB alumnus and current faculty member, I have witnessed the University?s continuous growth over the years, and I am proud to be part of this institution. I have only one suggestion: many universities offer certificates or awards for outstanding teachers, researchers, and staff. I would recommend that UOB introduce similar recognitions along with appropriate prizes.",,,,,,,,,,,,,,,,,,,,,,,,,,,,,
108,11/28/2025,Female,Married,Faculty of Health Sciences,Medical Laboratory Sciences,<2000,Associate Professor,Dekweneh,3,19+,No,NA,Just right,40-50 hours,Little satisfied,Somewhat satisfied,Little satisfied,Somewhat satisfied,Somewhat satisfied,Very satisfied,Yes. Serving currently.,Yes,Sometimes,Sometimes,Somewhat satisfied,Somewhat satisfied,"Associate Dean/ Assistant Dean, Department Chairperson",Very often,Sometimes,Sometimes,Sometimes,Somewhat dissatisfied,Little satisfied,Neither satisfied nor dissatisfied,Sometimes,Rarely,Somewhat satisfied,Somewhat satisfied,Very satisfied,Very satisfied,Very satisfied,Very satisfied,Very satisfied,NA,Very satisfied,To a great extent,To a great extent,To a great extent,To a great extent,To a great extent,To some extent,To a great extent,To some extent,To a great extent,To some extent,Rarely,Sometimes,1,Rarely,No,Somewhat dissatisfied,Yes,Yes,No,No,No,No,Yes,Yes,Yes,Yes,Yes,Yes,No,No,Yes,No,Rarely,Rarely,No,NA,Very satisfied,Somewhat satisfied,Little satisfied,Somewhat satisfied,Somewhat dissatisfied,Not applicable,No,NA,Somewhat unlikely,NA,NA,NA,NA,NA,NA,NA,NA,NA,NA,NA,To a great extent,To a great extent,NA,To a great extent,To a great extent,To a great extent,To a great extent,Somewhat satisfied,No,No,Somewhat satisfied,,,,,,,,,,,,,,,,,,,,,,,,,,,,,,
109,11/28/2025,Female,Married,Faculty of Business and Management,Business Administration,2025,Senior Lecturer,Al Kurah,3,Mixed,Yes,3,Too heavy,25-35 hours,Little satisfied,Somewhat satisfied,Little satisfied,Somewhat satisfied,Very satisfied,Somewhat satisfied,Never,No,Rarely,Rarely,Somewhat satisfied,Very satisfied,NA,Very often,Sometimes,Rarely,Never,Somewhat dissatisfied,Very satisfied,Somewhat satisfied,Very often,Rarely,Very satisfied,Very satisfied,Somewhat satisfied,Somewhat satisfied,Somewhat satisfied,Very satisfied,Very satisfied,NA,Somewhat satisfied,To some extent,To some extent,To a great extent,To some extent,To some extent,To some extent,To some extent,To some extent,To some extent,To some extent,Rarely,Rarely,1,Rarely,Yes,Somewhat dissatisfied,No,No,No,No,No,Yes,No,Yes,No,No,Yes,Yes,Yes,No,Yes,Yes,Rarely,Rarely,No,NA,Not at all satisfied,Little satisfied,Little satisfied,Not at all satisfied,Very dissatisfied,Very dissatisfied,No,NA,Very unlikely,To a great extent,To some extent,To some extent,Not at all,To some extent,Not at all,Not at all,Not at all,Not at all,Not at all,Not at all,To a great extent,To a great extent,To a great extent,To a great extent,To a great extent,To a great extent,To a great extent,Somewhat satisfied,Yes,Yes,Somewhat satisfied,,,,,,,,,,,,,,,,,,,,,,,,,,,,,,
110,11/29/2025,Male,Divorced,Faculty of Arts and Sciences,Computer Science,2006-2010,Senior Lecturer,Al Kurah,NA,NA,No,NA,Just right,25-35 hours,Very satisfied,Little satisfied,Little satisfied,NA,Very satisfied,NA,Never,NA,Sometimes,Very often,Very satisfied,Very satisfied,NA,Very often,Very often,Very often,Sometimes,Somewhat satisfied,Very satisfied,Somewhat satisfied,Very often,Very often,Somewhat satisfied,Somewhat satisfied,Somewhat satisfied,Little satisfied,Very satisfied,Somewhat satisfied,Very satisfied,NA,Very satisfied,To a great extent,To a great extent,To some extent,To some extent,To a great extent,To some extent,To some extent,To a great extent,To a great extent,To a great extent,Rarely,Sometimes,1,Rarely,No,Somewhat dissatisfied,Yes,Yes,No,Yes,No,No,No,Yes,Yes,No,Yes,No,No,No,Yes,No,Sometimes,Never,Yes,Yes,Not at all satisfied,Not at all satisfied,Not at all satisfied,Not at all satisfied,Somewhat satisfied,Not applicable,No,NA,Somewhat likely,To a great extent,To some extent,To a great extent,To some extent,To some extent,Not at all,Not at all,Not at all,Not at all,Not at all,Not at all,To a great extent,To a great extent,To a great extent,To a great extent,To a great extent,To a great extent,To a great extent,Somewhat satisfied,Yes,Yes,Neither satisfied nor dissatisfied,,,,,,,,,,,,,,,,,,,,,,,,,,,,,,
111,11/29/2025,Female,Married,Faculty of Arts and Sciences,Computer Science,2025,Instructor,Al Kurah,2,Mixed,No,NA,Just right,40-50 hours,Somewhat satisfied,Somewhat satisfied,Very satisfied,Very satisfied,Very satisfied,Very satisfied,Never,NA,NA,NA,Very satisfied,Somewhat satisfied,NA,Very often,Sometimes,Never,Never,NA,NA,NA,Very often,NA,Somewhat satisfied,NA,Somewhat satisfied,Somewhat satisfied,NA,Somewhat satisfied,NA,NA,Somewhat satisfied,To a great extent,NA,NA,NA,NA,To a great extent,To a great extent,NA,NA,NA,Sometimes,NA,NA,Sometimes,Yes,NA,NA,NA,NA,NA,NA,NA,NA,No,NA,Yes,NA,NA,NA,NA,NA,NA,Very often,NA,No,NA,Somewhat satisfied,Somewhat satisfied,Little satisfied,Somewhat satisfied,Very satisfied,Not applicable,No,NA,Very unlikely,NA,NA,NA,NA,NA,NA,NA,NA,NA,NA,NA,To a great extent,To a great extent,To a great extent,To a great extent,To a great extent,To a great extent,To a great extent,Somewhat dissatisfied,NA,Yes,NA,"I am new to the faculty and still in the process of learning the rules, procedures, and how things are done, so I wasn?t able to answer all the questions.",,,,,,,,,,,,,,,,,,,,,,,,,,,,,
112,11/29/2025,Female,Married,Faculty of Arts and Sciences,Computer Science,2023,Assistant Professor,Souk El Ghareb,1,0?5,No,NA,Too light,25-35 hours,Very satisfied,Very satisfied,Somewhat satisfied,NA,Somewhat satisfied,Somewhat satisfied,Never,NA,Sometimes,Sometimes,Somewhat satisfied,Extremely satisfied,NA,Extremely often,Sometimes,Sometimes,Rarely,Very dissatisfied,Very satisfied,Somewhat satisfied,Extremely often,Rarely,Extremely satisfied,NA,Somewhat satisfied,Little satisfied,Somewhat satisfied,Little satisfied,Very satisfied,NA,Very satisfied,To a great extent,To some extent,To some extent,NA,To some extent,To a great extent,NA,NA,To some extent,NA,Rarely,Rarely,NA,Rarely,No,Neither satisfied nor dissatisfied,NA,Yes,No,No,NA,Yes,No,No,Non Applicable,Yes,No,Yes,Yes,Yes,Yes,No,Rarely,Rarely,No,NA,Somewhat satisfied,Little satisfied,Somewhat satisfied,Little satisfied,Somewhat dissatisfied,Very dissatisfied,No,NA,Somewhat unlikely,To a great extent,To a great extent,To some extent,To some extent,Not at all,To some extent,To a great extent,Not at all,Not at all,Not at all,To some extent,To a great extent,To a great extent,To a great extent,To some extent,To a great extent,Not at all,To some extent,Somewhat satisfied,Yes,Yes,Neither satisfied nor dissatisfied,,,,,,,,,,,,,,,,,,,,,,,,,,,,,,
113,11/29/2025,Female,Single,Faculty of Health Sciences,Nursing,2025,Senior Lecturer,Dekweneh,NA,NA,No,NA,Too heavy,40-50 hours,Extremely satisfied,Very satisfied,Somewhat satisfied,Very satisfied,Little satisfied,Not at all satisfied,Never,NA,Very often,Very often,Extremely satisfied,Very satisfied,NA,Very often,Extremely often,Rarely,Very often,Somewhat satisfied,Somewhat satisfied,Very satisfied,Extremely often,Very often,Extremely satisfied,Very satisfied,Very satisfied,Somewhat satisfied,Very satisfied,Somewhat satisfied,Extremely satisfied,NA,Very satisfied,To some extent,To some extent,To a great extent,Not at all,Not at all,To a great extent,To some extent,To some extent,To a great extent,Not at all,Extremely often,Very often,2,Extremely often,Yes,Very dissatisfied,No,Yes,No,No,No,Yes,No,Yes,Yes,Yes,No,Yes,Yes,Yes,Yes,Yes,Very often,Rarely,No,NA,Little satisfied,Very satisfied,Little satisfied,Not at all satisfied,Very dissatisfied,Not applicable,No,NA,Very unlikely,NA,NA,NA,NA,NA,NA,NA,NA,NA,NA,NA,To a great extent,To a great extent,To some extent,To a great extent,To a great extent,To a great extent,To a great extent,Somewhat satisfied,Yes,Yes,Somewhat dissatisfied,There is a need for more equity and more recognition of efforts at least with an allocation of credit load which will show the need to hire and additional FTE and will allow a betterment of our department with a focus on the UOB?s vision,,,,,,,,,,,,,,,,,,,,,,,,,,,,,
114,11/29/2025,Male,Married,Faculty of Engineering,Electrical Engineering,2022,Lecturer,Al Kurah,2,13?18,Yes,2,Too heavy,40-50 hours,Somewhat satisfied,Very satisfied,Very satisfied,Very satisfied,Very satisfied,Very satisfied,Never,NA,Sometimes,Sometimes,Very satisfied,Somewhat satisfied,NA,Very often,Very often,Extremely often,Extremely often,Somewhat satisfied,Very satisfied,Somewhat satisfied,Very often,Sometimes,Very satisfied,Very satisfied,Very satisfied,Very satisfied,Somewhat satisfied,Very satisfied,Very satisfied,NA,Very satisfied,To some extent,To some extent,To some extent,To some extent,To some extent,To some extent,To some extent,To some extent,To some extent,To a great extent,Sometimes,Sometimes,NA,Sometimes,Yes,Somewhat satisfied,No,No,No,No,Yes,Yes,No,No,Yes,Yes,Yes,NA,NA,NA,NA,NA,NA,NA,NA,NA,Somewhat satisfied,Somewhat satisfied,Not at all satisfied,Not at all satisfied,Not applicable,Somewhat dissatisfied,No,NA,NA,NA,NA,NA,NA,NA,NA,NA,NA,NA,NA,NA,NA,NA,NA,NA,NA,NA,NA,Somewhat satisfied,Yes,Yes,NA,,,,,,,,,,,,,,,,,,,,,,,,,,,,,,
115,11/29/2025,Male,Married,Faculty of Business and Management,Business Administration,2011-2015,Professor,Al Kurah,1,19+,No,NA,Much too light,40-50 hours,Little satisfied,Very satisfied,Somewhat satisfied,Somewhat satisfied,Little satisfied,Very satisfied,Yes. Serving currently.,No,Very often,Very often,Not at all satisfied,Very satisfied,Academic Director,Extremely often,Never,Very often,Very often,Very dissatisfied,Somewhat satisfied,Very satisfied,Rarely,Very often,Little satisfied,Somewhat satisfied,Not at all satisfied,Little satisfied,Very satisfied,Very satisfied,Very satisfied,Somewhat satisfied,Very satisfied,To a great extent,To a great extent,To a great extent,To some extent,To a great extent,Not at all,Not at all,To a great extent,To a great extent,To some extent,Extremely often,Very often,2,Never,No,Very dissatisfied,Yes,Yes,No,No,No,No,Yes,Yes,Yes,No,Yes,No,No,No,Yes,No,Rarely,Very often,Yes,Yes,Extremely satisfied,Very satisfied,Little satisfied,Not at all satisfied,Very dissatisfied,Not applicable,No,NA,Very unlikely,To a great extent,To a great extent,To a great extent,Not at all,Not at all,To some extent,To some extent,To some extent,Not at all,Not at all,Not at all,To a great extent,To a great extent,Not at all,To a great extent,To a great extent,To a great extent,To a great extent,Somewhat satisfied,Yes,Yes,Somewhat dissatisfied,,,,,,,,,,,,,,,,,,,,,,,,,,,,,,
116,11/29/2025,Female,Single,Faculty of Arts and Sciences,English Language and Literature,<2000,Associate Professor,Al Kurah,NA,NA,No,NA,Just right,10-20 hours,Very satisfied,Very satisfied,Little satisfied,NA,Little satisfied,NA,Yes. Served prior to the past 5 academic years.,Yes,Sometimes,Sometimes,Extremely satisfied,Extremely satisfied,"Associate Dean/ Assistant Dean, Department Chairperson",Extremely often,Extremely often,Sometimes,Sometimes,Neither satisfied nor dissatisfied,Extremely satisfied,Very satisfied,Very often,Rarely,Very satisfied,Very satisfied,Very satisfied,Very satisfied,Somewhat satisfied,Extremely satisfied,Extremely satisfied,NA,Very satisfied,To some extent,To a great extent,To a great extent,NA,To a great extent,To a great extent,To a great extent,NA,NA,NA,NA,NA,NA,NA,NA,NA,NA,NA,NA,NA,NA,NA,NA,NA,NA,NA,NA,NA,NA,NA,NA,NA,NA,NA,NA,NA,NA,NA,NA,NA,NA,NA,NA,NA,NA,NA,NA,NA,NA,NA,NA,NA,NA,NA,NA,NA,NA,NA,NA,NA,NA,NA,NA,NA,NA,NA,NA,NA,,,,,,,,,,,,,,,,,,,,,,,,,,,,,
117,11/30/2025,Male,Married,Faculty of Engineering,Chemical Engineering,2011-2015,Associate Professor,Al Kurah,2,6?12,Yes,NA,Too light,40-50 hours,Very satisfied,Very satisfied,Very satisfied,Very satisfied,Very satisfied,Very satisfied,Never,NA,Very often,Very often,Very satisfied,NA,NA,Very often,NA,NA,NA,Somewhat satisfied,Somewhat satisfied,Somewhat satisfied,Very often,Sometimes,Very satisfied,Very satisfied,Very satisfied,Very satisfied,NA,Very satisfied,Very satisfied,NA,Neither satisfied nor dissatisfied,NA,NA,NA,NA,NA,NA,NA,NA,NA,NA,Extremely often,Very often,3,NA,Yes,Very satisfied,Yes,NA,No,NA,NA,Yes,Yes,Yes,Yes,NA,Yes,NA,NA,NA,Yes,NA,NA,Extremely often,Yes,NA,Very satisfied,Somewhat satisfied,Little satisfied,Somewhat satisfied,Somewhat satisfied,Very dissatisfied,No,NA,NA,NA,NA,NA,NA,NA,NA,NA,NA,NA,NA,NA,To a great extent,To a great extent,To a great extent,To a great extent,To a great extent,To a great extent,To a great extent,NA,NA,Yes,NA,,,,,,,,,,,,,,,,,,,,,,,,,,,,,,
118,11/30/2025,Female,Married,Faculty of Arts and Sciences,French Language and Literature,<2000,Professor,Al Kurah,1,19+,No,NA,Just right,40-50 hours,Very satisfied,Very satisfied,Very satisfied,Extremely satisfied,Somewhat satisfied,Very satisfied,Yes. Served within the past 5 academic years.,Yes,Very often,Very often,Very satisfied,Very satisfied,Department Chairperson,Very often,Very often,Never,Never,Very satisfied,Very satisfied,Very satisfied,Very often,Very often,Very satisfied,Very satisfied,Very satisfied,Very satisfied,Very satisfied,Very satisfied,Very satisfied,NA,Very satisfied,To a great extent,To a great extent,To a great extent,To a great extent,To a great extent,To a great extent,To a great extent,To a great extent,To a great extent,To a great extent,Very often,Very often,1,Very often,Yes,Very satisfied,Yes,Yes,Yes,Yes,Yes,Yes,Yes,Yes,Yes,Yes,Yes,Yes,Yes,Yes,Yes,Yes,Very often,Very often,Yes,Yes,Very satisfied,Very satisfied,Somewhat satisfied,Very satisfied,Very satisfied,Not applicable,No,NA,Very unlikely,NA,NA,NA,NA,NA,NA,NA,NA,NA,NA,NA,NA,NA,NA,NA,NA,NA,NA,Very satisfied,Yes,Yes,Very satisfied,,,,,,,,,,,,,,,,,,,,,,,,,,,,,,
119,11/30/2025,Male,Married,Faculty of Business and Management,Business Administration - Banking & Finance,2024,Assistant Professor,Souk El Ghareb,2,0?5,NA,NA,Too heavy,40-50 hours,Somewhat satisfied,Little satisfied,Somewhat satisfied,Very satisfied,Somewhat satisfied,Somewhat satisfied,Yes. Serving currently.,No,Rarely,Extremely often,Extremely satisfied,Extremely satisfied,NA,Extremely often,Sometimes,Sometimes,Rarely,Somewhat dissatisfied,Extremely satisfied,Somewhat satisfied,Sometimes,Rarely,Somewhat satisfied,Somewhat satisfied,Somewhat satisfied,Somewhat satisfied,Little satisfied,Somewhat satisfied,Somewhat satisfied,NA,Very satisfied,To a great extent,To a great extent,To a great extent,To a great extent,To a great extent,To some extent,To some extent,To a great extent,To a great extent,To a great extent,Sometimes,Very often,More than 3,Rarely,Yes,Somewhat dissatisfied,No,No,No,No,No,Yes,No,No,Yes,Yes,No,Yes,No,Yes,Yes,No,Very often,Very often,Yes,Yes,Little satisfied,Not at all satisfied,Not at all satisfied,Not at all satisfied,Very dissatisfied,Very dissatisfied,No,NA,Neither,To a great extent,To a great extent,To a great extent,Not at all,Not at all,Not at all,Not at all,Not at all,Not at all,Not at all,To some extent,To a great extent,To a great extent,To a great extent,To a great extent,Not at all,Not at all,To a great extent,Neither satisfied nor dissatisfied,Yes,Yes,Somewhat satisfied,"I genuinely enjoy working at UOB. I appreciate the environment, the students, the diversity, and my fellow faculty members. Everyone is supportive, and you truly feel as if you are interacting with family rather than functioning within a rigid work setting.
However, the main concern lies in the remuneration. The salary is quite low, and the benefits are essentially nonexistent. Considering UOB?s strong reputation and well-established name, I truly expected a different level of support, and I am disappointed.
Additionally, I believe that faculty members teaching across multiple campuses should receive appropriate recognition or compensation for the added workload and travel.",,,,,,,,,,,,,,,,,,,,,,,,,,,,,
120,11/30/2025,Female,Single,Issam Fares Faculty of Technology,Management & Administration,2011-2015,Assistant Professor,Al Kurah,NA,NA,No,NA,Just right,40-50 hours,Extremely satisfied,Extremely satisfied,Extremely satisfied,Extremely satisfied,Extremely satisfied,Extremely satisfied,Yes. Serving currently.,Yes,Extremely often,Extremely often,Extremely satisfied,Extremely satisfied,Department Chairperson,Extremely often,Extremely often,Extremely often,Extremely often,Neither satisfied nor dissatisfied,Extremely satisfied,Somewhat satisfied,Extremely often,Extremely often,Extremely satisfied,Extremely satisfied,Extremely satisfied,Extremely satisfied,Extremely satisfied,Extremely satisfied,Extremely satisfied,NA,Very satisfied,To a great extent,To a great extent,To a great extent,To a great extent,To a great extent,To a great extent,To a great extent,To a great extent,To a great extent,To a great extent,Extremely often,Rarely,NA,Very often,Yes,Neither satisfied nor dissatisfied,Yes,Yes,No,No,Yes,Yes,Yes,Yes,Non Applicable,Yes,Yes,Yes,Yes,Yes,Yes,Yes,Extremely often,Extremely often,Yes,Yes,Somewhat satisfied,Somewhat satisfied,Not at all satisfied,Little satisfied,Somewhat satisfied,Not applicable,No,NA,Very unlikely,NA,NA,NA,NA,NA,NA,NA,NA,NA,NA,NA,To a great extent,To a great extent,NA,To a great extent,NA,NA,To a great extent,Somewhat satisfied,Yes,Yes,Somewhat satisfied,,,,,,,,,,,,,,,,,,,,,,,,,,,,,,
121,12/1/2025,Female,Married,Faculty of Business and Management,Business Administration,2006-2010,Senior Lecturer,Al Kurah,2,Mixed,Yes,2,Too heavy,25-35 hours,Little satisfied,Somewhat satisfied,Little satisfied,Little satisfied,Somewhat satisfied,Little satisfied,Never,NA,Rarely,Rarely,Very satisfied,Very satisfied,NA,Extremely often,Sometimes,Sometimes,Never,Somewhat dissatisfied,Very satisfied,Somewhat satisfied,Very often,Rarely,Somewhat satisfied,Somewhat satisfied,Somewhat satisfied,Somewhat satisfied,Somewhat satisfied,Little satisfied,Somewhat satisfied,NA,Somewhat dissatisfied,To some extent,To some extent,To some extent,To some extent,To some extent,To some extent,To some extent,To some extent,To some extent,To some extent,Rarely,Rarely,1,Rarely,Yes,Somewhat dissatisfied,No,No,No,No,No,Yes,No,Yes,Yes,No,Yes,Yes,Yes,Yes,Yes,Yes,Sometimes,Sometimes,No,NA,Not at all satisfied,Not at all satisfied,Not at all satisfied,Little satisfied,Not applicable,Somewhat dissatisfied,No,NA,Somewhat unlikely,NA,NA,NA,NA,NA,NA,NA,NA,NA,NA,NA,To a great extent,To a great extent,To a great extent,To a great extent,To a great extent,To a great extent,To a great extent,Somewhat satisfied,Yes,Yes,Neither satisfied nor dissatisfied,"I am generally very happy at the university and feel a strong sense of belonging. However, I would like to highlight a few concerns:
	?	Salary discrepancies among faculty members.
	?	My initial appointment as Senior Lecturer, while colleagues started as Assistant Professors.
	?	A heavy workload that limits my ability to conduct research.
	?	The need for free medical insurance, as I currently pay for it externally.
	?	An increase in the schooling allowance to match rising costs.

These points are shared with respect and in the hope of improving fairness and faculty wellbeing.",,,,,,,,,,,,,,,,,,,,,,,,,,,,,
122,12/1/2025,Male,Married,Faculty of Arts and Sciences,Chemistry,2000-2005,Associate Professor,Al Kurah,2,19+,Yes,2,Just right,25-35 hours,Very satisfied,Very satisfied,Little satisfied,Somewhat satisfied,Very satisfied,Not at all satisfied,Yes. Serving currently.,Yes,Very often,Extremely often,Extremely satisfied,Extremely satisfied,Department Chairperson,Extremely often,Very often,Rarely,Rarely,Neither satisfied nor dissatisfied,Extremely satisfied,Very satisfied,Very often,Rarely,Very satisfied,Very satisfied,Somewhat satisfied,Very satisfied,Very satisfied,Very satisfied,Very satisfied,Neither satisfied nor dissatisfied,Very satisfied,To a great extent,To a great extent,To a great extent,To a great extent,To a great extent,To a great extent,To a great extent,To a great extent,To a great extent,To a great extent,Sometimes,Sometimes,1,Sometimes,Yes,Somewhat dissatisfied,Yes,Yes,Yes,No,No,Yes,Yes,No,Non Applicable,Yes,Yes,Yes,Yes,Yes,Yes,Yes,Very often,Very often,Yes,Yes,Very satisfied,Very satisfied,Somewhat satisfied,Very satisfied,Very satisfied,Very satisfied,No,NA,Very unlikely,To some extent,Not at all,Not at all,Not at all,Not at all,Not at all,Not at all,Not at all,Not at all,Not at all,Not at all,To some extent,Not at all,Not at all,Not at all,Not at all,Not at all,Not at all,Very satisfied,Yes,Yes,Very satisfied,"Since day one of joining UOB, I knew this was my second home! I've had many opportunities elsewhere including abroad (knowing that I have a foreign citizenship) but refused to leave the country that I love for many reasons. The atmosphere as a whole gave me the sense of strong belonging where the benefits were always mutual and still are. We passed through extremely rough times (revolution, COVID, financial crisis, etc.) but we stayed united, unbroken and still continuing...with this said, I believe that I have summarized my experience as a faculty member without the addition of any other details!
Thank you.",,,,,,,,,,,,,,,,,,,,,,,,,,,,,
123,12/1/2025,Female,Married,Faculty of Arts and Sciences,English Language and Literature,<2000,Professor,Al Kurah,4,19+,No,NA,Just right,40-50 hours,Somewhat satisfied,Very satisfied,Little satisfied,Somewhat satisfied,Somewhat satisfied,Not at all satisfied,Yes. Serving currently.,Yes,Very often,Extremely often,Little satisfied,Very satisfied,"Associate Dean/ Assistant Dean, Department Chairperson",Very often,Rarely,Never,NA,NA,Very satisfied,Very satisfied,Sometimes,Never,Not at all satisfied,Not at all satisfied,Somewhat satisfied,Little satisfied,Little satisfied,Extremely satisfied,Extremely satisfied,NA,Very satisfied,To some extent,To some extent,To some extent,NA,Not at all,To some extent,To some extent,To a great extent,To a great extent,NA,Very often,Rarely,NA,Never,Yes,Somewhat satisfied,Yes,Yes,Yes,No,NA,Yes,Yes,Yes,Yes,Yes,Yes,Yes,Yes,Yes,Yes,Yes,Sometimes,Sometimes,Yes,Yes,Extremely satisfied,Extremely satisfied,Somewhat satisfied,Somewhat satisfied,Somewhat dissatisfied,Very satisfied,No,NA,Very unlikely,NA,NA,NA,NA,NA,NA,NA,NA,NA,NA,NA,NA,NA,NA,NA,NA,NA,NA,Somewhat satisfied,Yes,Yes,Somewhat satisfied,"More transparency from the senior administration is desired. Faculty should be informed about every decision and action the senior administration takes. When it comes to decisions that impact the faculty specifically, such as changing the academic by-laws and adjusting salary dollar rates etc., the faculty needs to be informed by the president. Regular communication is needed in the form of emails and faculty meetings.",,,,,,,,,,,,,,,,,,,,,,,,,,,,,
124,12/1/2025,Female,Married,Faculty of Health Sciences,Medical Laboratory Sciences,2016-2020,Assistant Professor,Dekweneh,1,13?18,No,NA,Much too heavy,40-50 hours,Somewhat satisfied,Somewhat satisfied,Somewhat satisfied,Somewhat satisfied,Little satisfied,Somewhat satisfied,Yes. Served within the past 5 academic years.,No,Sometimes,Very often,Very satisfied,Extremely satisfied,NA,Very often,Rarely,Very often,Rarely,Somewhat dissatisfied,Very satisfied,Somewhat satisfied,Very often,Sometimes,Very satisfied,Very satisfied,Somewhat satisfied,Little satisfied,Somewhat satisfied,Extremely satisfied,Extremely satisfied,NA,Very satisfied,NA,NA,To a great extent,NA,NA,To a great extent,NA,To a great extent,To a great extent,NA,Rarely,Very often,2,Sometimes,Yes,Somewhat dissatisfied,Yes,Yes,No,No,No,Yes,No,Yes,Yes,Yes,Yes,Yes,No,Yes,Yes,No,Sometimes,Very often,No,NA,Little satisfied,Somewhat satisfied,Not at all satisfied,Not at all satisfied,Somewhat satisfied,Very dissatisfied,No,NA,Very unlikely,NA,NA,NA,NA,NA,NA,NA,NA,NA,NA,NA,NA,NA,NA,NA,NA,NA,NA,Neither satisfied nor dissatisfied,Yes,NA,Somewhat dissatisfied,,,,,,,,,,,,,,,,,,,,,,,,,,,,,,
125,12/1/2025,Female,Single,Faculty of Health Sciences,Nutritional Sciences,2011-2015,Lecturer,Al Kurah,NA,NA,NA,NA,Too heavy,25-35 hours,Somewhat satisfied,Somewhat satisfied,Somewhat satisfied,Somewhat satisfied,Somewhat satisfied,Somewhat satisfied,Never,NA,Very often,Extremely often,Very satisfied,Very satisfied,NA,Very often,Sometimes,Sometimes,Rarely,Neither satisfied nor dissatisfied,Very satisfied,Very satisfied,Very often,Very often,Very satisfied,Very satisfied,Very satisfied,Very satisfied,Very satisfied,Very satisfied,Very satisfied,NA,Very satisfied,To some extent,To a great extent,To a great extent,To a great extent,To a great extent,To a great extent,To some extent,To some extent,To a great extent,To some extent,Very often,Sometimes,NA,Very often,Yes,Neither satisfied nor dissatisfied,Yes,Yes,Yes,No,Yes,Yes,No,Yes,Yes,Yes,Yes,Yes,Yes,Yes,Yes,Yes,Sometimes,Sometimes,Yes,Yes,Somewhat satisfied,Very satisfied,Little satisfied,Little satisfied,Somewhat dissatisfied,Not applicable,No,NA,Very unlikely,NA,NA,NA,NA,NA,NA,NA,NA,NA,NA,NA,To a great extent,To a great extent,To a great extent,To a great extent,To a great extent,To a great extent,To a great extent,Somewhat dissatisfied,Yes,Yes,Very satisfied,,,,,,,,,,,,,,,,,,,,,,,,,,,,,,
126,12/1/2025,Female,Married,Acad‚mie Libanaise des Beaux-Arts,Graphic Design,2022,Lecturer,Al Kurah,1,0?5,NA,NA,Just right,10-20 hours,Very satisfied,Somewhat satisfied,Little satisfied,Somewhat satisfied,Somewhat satisfied,Somewhat satisfied,Never,NA,Extremely often,Extremely often,Extremely satisfied,Very satisfied,NA,Extremely often,Very often,Rarely,Never,Neither satisfied nor dissatisfied,Somewhat satisfied,Very satisfied,Sometimes,Very often,Little satisfied,Somewhat satisfied,Somewhat satisfied,Little satisfied,Somewhat satisfied,Very satisfied,Very satisfied,NA,Very satisfied,To some extent,To some extent,To some extent,To some extent,To some extent,NA,To some extent,To some extent,To some extent,To some extent,Rarely,Rarely,NA,Sometimes,Yes,Somewhat satisfied,NA,NA,NA,NA,NA,Yes,Yes,No,NA,Yes,NA,Yes,Yes,Yes,Yes,Yes,Sometimes,Sometimes,NA,NA,Somewhat satisfied,Little satisfied,Little satisfied,Little satisfied,Somewhat satisfied,Somewhat dissatisfied,No,NA,Very unlikely,NA,NA,NA,NA,NA,NA,NA,NA,NA,NA,NA,NA,NA,NA,NA,NA,NA,NA,Somewhat satisfied,Yes,Yes,Neither satisfied nor dissatisfied,,,,,,,,,,,,,,,,,,,,,,,,,,,,,,
127,12/2/2025,Male,Single,Faculty of Arts and Sciences,Biology,2006-2010,Professor,Al Kurah,NA,NA,Yes,5+,NA,NA,NA,NA,NA,NA,NA,NA,NA,NA,NA,NA,NA,NA,NA,NA,NA,NA,NA,NA,NA,NA,NA,NA,NA,NA,NA,NA,NA,NA,NA,NA,NA,NA,NA,NA,NA,NA,NA,NA,NA,NA,NA,NA,NA,NA,NA,NA,NA,NA,NA,NA,NA,NA,NA,NA,NA,NA,NA,NA,NA,NA,NA,NA,NA,NA,NA,NA,NA,NA,NA,NA,NA,NA,NA,NA,NA,NA,NA,NA,NA,NA,NA,NA,NA,NA,NA,NA,NA,NA,NA,NA,NA,NA,NA,NA,NA,NA,NA,NA,NA,,,,,,,,,,,,,,,,,,,,,,,,,,,,,
128,12/3/2025,Male,Married,Faculty of Arts and Sciences,Computer Science,Select...,Assistant Professor,Al Kurah,3,Mixed,No,NA,Too heavy,25-35 hours,NA,NA,NA,NA,NA,NA,NA,NA,NA,NA,NA,NA,NA,NA,NA,NA,NA,NA,NA,NA,NA,NA,NA,NA,NA,NA,NA,NA,NA,NA,NA,NA,NA,NA,NA,NA,NA,NA,NA,NA,NA,NA,NA,NA,NA,NA,NA,NA,NA,NA,NA,NA,NA,NA,NA,NA,NA,NA,NA,NA,NA,NA,NA,NA,NA,NA,NA,NA,NA,NA,NA,NA,NA,NA,NA,NA,NA,NA,NA,NA,NA,NA,NA,NA,NA,NA,NA,NA,NA,NA,NA,NA,NA,NA,NA,NA,NA,NA,NA,,,,,,,,,,,,,,,,,,,,,,,,,,,,,
129,12/3/2025,Male,Married,Faculty of Arts and Sciences,Biology,2000-2005,Instructor,Al Kurah,3,0?5,Yes,3,Just right,25-35 hours,Very satisfied,Very satisfied,Somewhat satisfied,Somewhat satisfied,Very satisfied,Very satisfied,Never,No,Sometimes,Sometimes,Very satisfied,Very satisfied,NA,Very often,Sometimes,Rarely,Rarely,Very satisfied,Very satisfied,Somewhat satisfied,Very often,Rarely,Very satisfied,Very satisfied,Very satisfied,Somewhat satisfied,Very satisfied,Somewhat satisfied,Very satisfied,NA,Very satisfied,To a great extent,To a great extent,To a great extent,To some extent,To some extent,To a great extent,To a great extent,To a great extent,To a great extent,To a great extent,Sometimes,Never,NA,Never,No,Neither satisfied nor dissatisfied,Yes,Yes,No,No,Yes,Yes,No,No,Yes,Yes,Yes,Yes,Yes,Yes,Yes,Yes,Sometimes,Rarely,Yes,Yes,Little satisfied,Little satisfied,Little satisfied,Somewhat satisfied,Somewhat satisfied,Somewhat satisfied,No,NA,Very unlikely,NA,NA,NA,NA,NA,NA,NA,NA,NA,NA,NA,To a great extent,To a great extent,To a great extent,To a great extent,To a great extent,To a great extent,To a great extent,Very satisfied,Yes,Yes,Somewhat satisfied,"After twenty years of employment at UOB, Iwould like to highlight the subject of human relations between the faculty members themselves and the all the Staff in general. These relations can be qualified as excellent.",,,,,,,,,,,,,,,,,,,,,,,,,,,,,
130,12/3/2025,Male,Married,Faculty of Arts and Sciences,Humanities,<2000,Assistant Professor,Al Kurah,2,0?5,No,NA,Just right,10-20 hours,Extremely satisfied,Extremely satisfied,Somewhat satisfied,Very satisfied,Extremely satisfied,Very satisfied,Yes. Served prior to the past 5 academic years.,Yes,Extremely often,Extremely often,Extremely satisfied,Extremely satisfied,Department Chairperson,Extremely often,Extremely often,Very often,Sometimes,Very satisfied,Extremely satisfied,Very satisfied,Extremely often,Extremely often,Extremely satisfied,Very satisfied,Very satisfied,Very satisfied,Somewhat satisfied,Extremely satisfied,Very satisfied,NA,Very satisfied,To some extent,To some extent,To some extent,To some extent,To some extent,To some extent,To some extent,To some extent,To some extent,To some extent,Extremely often,Sometimes,NA,Extremely often,Yes,Neither satisfied nor dissatisfied,Yes,Yes,Yes,Yes,Yes,Yes,Yes,No,Yes,Yes,Yes,Yes,Yes,Yes,Yes,No,Extremely often,Very often,Yes,Yes,Little satisfied,Somewhat satisfied,Little satisfied,Little satisfied,Not applicable,Very dissatisfied,No,NA,Very unlikely,NA,NA,NA,NA,NA,NA,NA,NA,NA,NA,NA,NA,NA,NA,NA,NA,NA,NA,Very satisfied,Yes,Yes,Very satisfied,"-It seems to me that more effort will be needed regarding the onboarding of new students.
A clear procedure could help them feel less lost during the first semester.
-Course Evaluation Survey (CES)It will be more efficient if it is done online:
Students will have more freedom, more time, and it will reduce the university's administrative costs; moreover, the responses can be archived and analyzed.",,,,,,,,,,,,,,,,,,,,,,,,,,,,,
131,12/4/2025,Female,Married,Faculty of Arts and Sciences,Mathematics,2006-2010,,Al Kurah,NA,NA,NA,NA,Too heavy,25-35 hours,Somewhat satisfied,Somewhat satisfied,Somewhat satisfied,Somewhat satisfied,Somewhat satisfied,Not at all satisfied,Never,NA,Very often,Very often,Somewhat satisfied,Very satisfied,NA,Very often,Sometimes,Sometimes,Rarely,Somewhat dissatisfied,Very satisfied,Very satisfied,Very often,Sometimes,Somewhat satisfied,Somewhat satisfied,Somewhat satisfied,Somewhat satisfied,Somewhat satisfied,Very satisfied,Very satisfied,NA,Somewhat satisfied,To some extent,To some extent,To some extent,To some extent,To some extent,To some extent,To some extent,To some extent,To some extent,To some extent,Sometimes,Sometimes,NA,Very often,Yes,Somewhat dissatisfied,NA,NA,NA,No,Yes,NA,NA,NA,NA,NA,NA,NA,NA,NA,NA,NA,NA,NA,NA,NA,NA,NA,NA,NA,NA,NA,NA,NA,NA,NA,NA,NA,NA,NA,NA,NA,NA,NA,NA,NA,NA,NA,NA,NA,NA,NA,NA,NA,NA,NA,NA,NA,,,,,,,,,,,,,,,,,,,,,,,,,,,,,
132,12/4/2025,Male,Married,Faculty of Engineering,Chemical Engineering,2006-2010,Professor,Al Kurah,2,6?12,No,NA,Too heavy,40-50 hours,Very satisfied,Little satisfied,Very satisfied,Very satisfied,Very satisfied,Not at all satisfied,Yes. Served prior to the past 5 academic years.,Yes,Very often,Extremely often,Very satisfied,Very satisfied,Department Chairperson,Extremely often,Very often,Never,Sometimes,Neither satisfied nor dissatisfied,Very satisfied,Somewhat satisfied,Extremely often,Very often,Very satisfied,Very satisfied,Very satisfied,Somewhat satisfied,Not at all satisfied,Very satisfied,Very satisfied,Neither satisfied nor dissatisfied,Very satisfied,To a great extent,To a great extent,To a great extent,Not at all,To some extent,Not at all,Not at all,To a great extent,To a great extent,To a great extent,Very often,Very often,More than 3,Very often,Yes,Very satisfied,Yes,Yes,No,No,No,Yes,Yes,No,Yes,No,Yes,Yes,Yes,Yes,Yes,No,Sometimes,Very often,No,NA,Very satisfied,Very satisfied,Little satisfied,Little satisfied,Somewhat dissatisfied,Very dissatisfied,No,NA,Very unlikely,NA,NA,NA,NA,NA,NA,NA,NA,NA,NA,NA,To a great extent,To a great extent,To a great extent,To a great extent,To a great extent,To some extent,To some extent,Somewhat satisfied,No,Yes,Very dissatisfied,"The University of Balamand holds valuable internal expertise ? made and flourished within UOB ? yet it remains underutilized, as preference is often given to foreign expertise despite the strong local potential.",,,,,,,,,,,,,,,,,,,,,,,,,,,,,
133,12/5/2025,Female,Married,Faculty of Arts and Sciences,Mathematics,2022,Assistant Professor,Al Kurah,3,6?12,No,NA,Too heavy,25-35 hours,Somewhat satisfied,Very satisfied,Very satisfied,Very satisfied,Very satisfied,Somewhat satisfied,Never,NA,Sometimes,Sometimes,Somewhat satisfied,Extremely satisfied,NA,Very often,Rarely,Sometimes,Rarely,Somewhat dissatisfied,Very satisfied,Somewhat satisfied,Sometimes,Rarely,Somewhat satisfied,Somewhat satisfied,Somewhat satisfied,Somewhat satisfied,Somewhat satisfied,Very satisfied,Very satisfied,NA,Somewhat satisfied,Not at all,To some extent,To a great extent,Not at all,To some extent,To some extent,Not at all,To a great extent,Not at all,To some extent,Sometimes,Rarely,1,Sometimes,Yes,Neither satisfied nor dissatisfied,No,Yes,Yes,No,Yes,Yes,No,No,Yes,Yes,Yes,Yes,Yes,Yes,Yes,No,Very often,Sometimes,Yes,Yes,Very satisfied,Somewhat satisfied,Little satisfied,Little satisfied,Somewhat dissatisfied,Very dissatisfied,No,NA,Somewhat unlikely,NA,NA,NA,NA,NA,NA,NA,NA,NA,NA,NA,To a great extent,To some extent,To a great extent,To a great extent,To some extent,To a great extent,To some extent,Neither satisfied nor dissatisfied,Yes,Yes,Somewhat satisfied,no clear vision nor transparency regarding  salaries and indemnities.,,,,,,,,,,,,,,,,,,,,,,,,,,,,,
134,12/5/2025,Female,Married,Faculty of Engineering,Civil Engineering,2016-2020,Assistant Professor,Al Kurah,1,0?5,No,NA,Too heavy,40-50 hours,Very satisfied,Very satisfied,Somewhat satisfied,Very satisfied,Very satisfied,Somewhat satisfied,Yes. Served within the past 5 academic years.,Yes,Very often,Very often,Very satisfied,Very satisfied,Department Chairperson,Very often,Very often,Sometimes,Rarely,Somewhat satisfied,Very satisfied,Very satisfied,Very often,Very often,Very satisfied,Very satisfied,Very satisfied,Very satisfied,Very satisfied,Very satisfied,Very satisfied,NA,Very satisfied,To a great extent,To a great extent,To a great extent,To a great extent,To a great extent,To a great extent,To a great extent,To a great extent,To a great extent,To some extent,Very often,Very often,NA,Very often,Yes,Very satisfied,Yes,Yes,NA,NA,NA,Yes,NA,Yes,Yes,Yes,Yes,Yes,Yes,Yes,Yes,NA,Extremely often,Sometimes,Yes,Yes,Little satisfied,Somewhat satisfied,Somewhat satisfied,Very satisfied,NA,NA,Yes,NA,Very unlikely,NA,NA,NA,NA,NA,NA,NA,NA,NA,NA,NA,NA,NA,NA,NA,NA,NA,NA,Very satisfied,Yes,Yes,Very satisfied,,,,,,,,,,,,,,,,,,,,,,,,,,,,,,
135,12/5/2025,Male,Married,Faculty of Engineering,Mechanical Engineering,2011-2015,Professor,Al Kurah,2,6?12,No,NA,Just right,25-35 hours,Very satisfied,Very satisfied,Somewhat satisfied,Very satisfied,Somewhat satisfied,Extremely satisfied,Yes. Serving currently.,Yes,Sometimes,Sometimes,Not at all satisfied,Extremely satisfied,Associate Dean/ Assistant Dean,Extremely often,Very often,Rarely,Rarely,Neither satisfied nor dissatisfied,Very satisfied,Neither satisfied nor dissatisfied,Very often,Very often,Somewhat satisfied,Somewhat satisfied,Very satisfied,Somewhat satisfied,Little satisfied,Extremely satisfied,Extremely satisfied,Neither satisfied nor dissatisfied,Very satisfied,To a great extent,To a great extent,To some extent,To a great extent,To some extent,Not at all,To some extent,To a great extent,To a great extent,To a great extent,Very often,Very often,3,Rarely,Yes,Neither satisfied nor dissatisfied,Yes,Yes,Yes,No,No,No,Yes,Yes,Yes,Yes,No,No,No,No,Yes,No,Sometimes,Sometimes,No,NA,Extremely satisfied,Somewhat satisfied,Somewhat satisfied,Little satisfied,Very satisfied,Very dissatisfied,No,NA,Somewhat unlikely,To a great extent,To some extent,To a great extent,Not at all,To some extent,To a great extent,To some extent,Not at all,Not at all,Not at all,To some extent,To a great extent,To some extent,To a great extent,To some extent,To a great extent,To a great extent,To some extent,Somewhat dissatisfied,Yes,Yes,Somewhat satisfied,"Thank you for providing an opportunity to share feedback. I am committed to supporting the university and contributing to its mission, yet several issues have increasingly affected faculty morale, the working environment, and our sense of stability.

- Access to the Dean has become limited, making it difficult to receive guidance or collaborate effectively. 
- ?The current environment at the faculty lacks transparency, is unclear, and creates an unhealthy atmosphere. It feels restrictive and discouraging rather than supportive. For a faculty that focuses on sustainability, the current situation is not sustainable.
- Many faculty members feel hesitant to express concerns openly due to fears about potential consequences related to job security or contract renewal. This caution undermines trust which makes faculty members feel unsafe, unheard, and unsupported.
- The current structure of the Dean?s Office has made routine processes less efficient. Faculty often feel monitored and supervised rather than feeling assisted. Simple academic needs such as having a printer in the office or even requesting basic teaching materials like board markers have become uncomfortable tasks.
- At the recent celebration of ABET BS reaccreditation, the emphasis appeared to be solely on sustainability initiatives, overlooking all contributions of other faculty members. This made faculty efforts feel undervalued.
- During the last ABET accreditation process of our BE programs, we were accused of being unprofessional for answering questions from the evaluator, while the Dean positioned himself as the individual who saved the accreditation. This created resentment amongst faculty members who worked collaboratively towards the same goals.
- ?While I am Associate Dean, and on several occasions, I wasn?t kept in the loop on key initiatives that are in the scope of my work. To avoid such situations, I repeatedly requested a detailed job description for my role which till date has not been provided, leaving administrative responsibilities unclear.
- At the university level, more transparency is needed. Faculty are not informed about salary adjustments and indemnity, and there is limited clarity. The children?s schooling allowance is significantly lower compared to other universities, and there is a general sense of uncertainty and vagueness about the university. Clear communication and stronger engagement with faculty would greatly improve trust and morale.

I share these comments respectfully and constructively, with the hope that they lead to meaningful improvements, greater transparency, and a healthier overall academic environment.",,,,,,,,,,,,,,,,,,,,,,,,,,,,,
136,12/5/2025,Female,Single,Faculty of Arts and Sciences,Psychology,2011-2015,Lecturer,Dekweneh,NA,NA,No,NA,Too heavy,40-50 hours,Somewhat satisfied,Somewhat satisfied,Extremely satisfied,Extremely satisfied,Extremely satisfied,Extremely satisfied,Never,NA,Sometimes,Sometimes,Somewhat satisfied,Somewhat satisfied,NA,Extremely often,Rarely,Extremely often,Extremely often,Very dissatisfied,Little satisfied,Very satisfied,Very often,Rarely,Very satisfied,Somewhat satisfied,Somewhat satisfied,Somewhat satisfied,Little satisfied,Very satisfied,Very satisfied,Neither satisfied nor dissatisfied,Very dissatisfied,To a great extent,To a great extent,To a great extent,To a great extent,To a great extent,To a great extent,To a great extent,To a great extent,To a great extent,To a great extent,Rarely,Rarely,1,Never,No,Somewhat satisfied,No,No,No,No,No,No,No,No,No,No,No,No,No,No,No,No,Never,Never,No,NA,Somewhat satisfied,Little satisfied,Little satisfied,Little satisfied,Very satisfied,Not applicable,No,NA,Neither,To a great extent,To a great extent,To a great extent,Not at all,To a great extent,To a great extent,Not at all,Not at all,Not at all,Not at all,To a great extent,To a great extent,To a great extent,Not at all,To a great extent,NA,To a great extent,To a great extent,Somewhat dissatisfied,No,No,Neither satisfied nor dissatisfied,"Balamand places a lot of importance on student evaluations; most of the times these evaluations are written by failing students or students who are not happy with their grades and they create falsified stories to get the administration to support them. I believe that departments place too much emphasis on what students write in their evaluations and as a result end up weakening a teacher's position. Not enough support is given to back up teachers when they are in such a situation. It should be the teacher's say of what should take place when they are the person in the classroom working with the students. Weak and failing students are given too much attention and credibility.
Also, heads of departments should have more accountability as teachers do. In many cases, there are biases, harassment, unfair judgment, singling out, unfair decision making, all done by one person. No one double checks to see if such decision making is accurate and justifiable. Teachers are afraid to speak up because they are afraid of losing their jobs. There must be some sort of system of quality assurance where discrimination is not allowed to take place. Teachers should be protected; their rights should be protected. This creates a hostile environment where one person can take any action they want and they are not held accountable by anyone.
It is a system of dictatorship when it is one person that makes all decisions about an entire department and all faculty members are afraid to speak up. This is very unhealthy and creates a toxic environment. There must be a committee or a hierarchy where a group of people and administrators are involved in taking decisions which end up changing the lives of faculty members who are dedicated and committed to improving the educational standards of their institution.
Favoritism does not adhere to equal opportunity. Not only is it not professional but it is a form of bias and discrimination. Nepotism is also a form of discrimination. Family members whose rights are preserved and protected at all times (days off, vacation time, skipping class) is not professional. It is harassment when other faculty are severely reprimanded for requesting similar treatment.
Abuse of teachers at an educational institute does not promote the standing and reputation of a university. Harassment of teachers because they are fearful of losing their jobs should not take place and must be investigated. 
Universities like AUB and LAU do not have similar incidences happen because they do apply quality assurance.
One person cannot function as they please when an entire faculty is involved without any investigation, accountability putting an end to unprofessional behavior. This should not continue from semester to semester.
Falsifying incidences and making up false allegations by heads of departments or colleagues should be investigated and must not be accepted as truth by the administration.
Balamand must apply a form of quality assurance and ensure that teachers' rights are preserved and not abused.",,,,,,,,,,,,,,,,,,,,,,,,,,,,,
137,12/8/2025,Female,Married,Faculty of Arts and Sciences,History,<2000,Professor,Al Kurah,3,0?5,No,NA,Just right,25-35 hours,Very satisfied,Very satisfied,Somewhat satisfied,Somewhat satisfied,Somewhat satisfied,Not at all satisfied,Yes. Serving currently.,Yes,Very often,Sometimes,Very satisfied,Very satisfied,Academic Director,Very often,Very often,Rarely,Very often,Very satisfied,Very satisfied,Very satisfied,Very often,Sometimes,Very satisfied,Very satisfied,Very satisfied,Very satisfied,Little satisfied,Very satisfied,Very satisfied,NA,NA,To some extent,To some extent,To a great extent,To a great extent,To a great extent,To a great extent,To a great extent,To a great extent,To a great extent,To a great extent,Very often,Extremely often,3,Very often,Yes,Very satisfied,Yes,Yes,Yes,Yes,Yes,Yes,Yes,No,Yes,Yes,Yes,Yes,Yes,Yes,Yes,NA,Very often,Very often,Yes,Yes,Very satisfied,Very satisfied,Very satisfied,Very satisfied,Not applicable,Very satisfied,Yes,Very satisfied,Very unlikely,Not at all,Not at all,Not at all,Not at all,Not at all,Not at all,Not at all,Not at all,Not at all,Not at all,Not at all,To a great extent,To a great extent,Not at all,Not at all,Not at all,Not at all,Not at all,Very satisfied,Yes,Yes,Somewhat satisfied,I am proud to belong to faculty UOB because I get the opportunity to write 4 books and many articles .I have had the opportunity to organize and to participate to many international conferences in Balamand and outside Lebanon. I am specially proud for the confidence I get to work on the valuable heritage of our Antiochian Church on unpublished sources of archives and manuscripts. I wiish that our students could also be more interested by this patrimony and heritage,,,,,,,,,,,,,,,,,,,,,,,,,,,,,
138,12/9/2025,Select...,Select...,Faculty of Engineering,Civil Engineering,Select...,Assistant Professor,Al Kurah,NA,NA,NA,NA,Much too heavy,40-50 hours,Somewhat satisfied,Very satisfied,Somewhat satisfied,Very satisfied,Very satisfied,Not at all satisfied,Yes. Serving currently.,Yes,Very often,Very often,Somewhat satisfied,Somewhat satisfied,NA,Very often,Rarely,Sometimes,Sometimes,Somewhat dissatisfied,Somewhat satisfied,Somewhat satisfied,Sometimes,Rarely,Little satisfied,Little satisfied,Somewhat satisfied,Little satisfied,Little satisfied,Very satisfied,Very satisfied,NA,Somewhat satisfied,Not at all,Not at all,To a great extent,To a great extent,To some extent,Not at all,To some extent,NA,Not at all,NA,Sometimes,Sometimes,1,Rarely,Yes,Very dissatisfied,NA,NA,NA,NA,NA,NA,NA,NA,NA,NA,NA,NA,NA,NA,NA,NA,NA,NA,NA,NA,NA,NA,NA,NA,NA,NA,NA,NA,NA,NA,NA,NA,NA,NA,NA,NA,NA,NA,NA,NA,NA,NA,NA,NA,NA,NA,NA,NA,NA,NA,NA,NA,,,,,,,,,,,,,,,,,,,,,,,,,,,,,
139,12/9/2025,Male,Divorced,Faculty of Engineering,Chemical Engineering,2021,Professor,Al Kurah,NA,NA,No,NA,Just right,40-50 hours,Somewhat satisfied,Very satisfied,Somewhat satisfied,Somewhat satisfied,Extremely satisfied,Somewhat satisfied,Never,NA,Sometimes,Very often,Very satisfied,Very satisfied,NA,Extremely often,Sometimes,Very often,Very often,Somewhat satisfied,Somewhat satisfied,Very satisfied,Very often,Sometimes,Very satisfied,Very satisfied,Extremely satisfied,Extremely satisfied,Somewhat satisfied,Very satisfied,Very satisfied,Neither satisfied nor dissatisfied,Very satisfied,NA,NA,To some extent,To some extent,NA,To a great extent,NA,To a great extent,To a great extent,To a great extent,Very often,Very often,2,Rarely,Yes,Very satisfied,Yes,Yes,Yes,Yes,NA,Yes,NA,Yes,Yes,Yes,Yes,Yes,Yes,Yes,Yes,No,Very often,NA,NA,NA,Extremely satisfied,Very satisfied,Very satisfied,NA,Very satisfied,Not applicable,No,NA,Very unlikely,NA,NA,NA,NA,NA,NA,NA,NA,NA,NA,NA,To a great extent,To a great extent,NA,To a great extent,NA,NA,To a great extent,Very satisfied,Yes,Yes,NA,"I am very satisfied at UOB; however, securing a tenure track is essential for ensuring long-term stability for faculty members.",,,,,,,,,,,,,,,,,,,,,,,,,,,,,
140,12/9/2025,Female,Married,Faculty of Health Sciences,Nutritional Sciences,2006-2010,Professor,Al Kurah,1,13?18,NA,NA,Much too heavy,40-50 hours,Not at all satisfied,Very satisfied,Very satisfied,Very satisfied,Somewhat satisfied,Somewhat satisfied,Yes. Serving currently.,Yes,Very often,Very often,Extremely satisfied,Extremely satisfied,"Associate Dean/ Assistant Dean, Department Chairperson",Extremely often,Sometimes,Extremely often,Extremely often,Very dissatisfied,Extremely satisfied,Very dissatisfied,Very often,Sometimes,Little satisfied,Little satisfied,Very satisfied,Very satisfied,Little satisfied,Very satisfied,Extremely satisfied,NA,Somewhat dissatisfied,To a great extent,To some extent,To a great extent,To some extent,Not at all,Not at all,Not at all,To a great extent,To a great extent,NA,Sometimes,Rarely,1,Sometimes,Yes,Somewhat dissatisfied,No,No,No,No,Yes,Yes,Yes,Yes,Yes,Yes,Yes,No,No,Yes,Yes,No,Extremely often,Very often,Yes,No,Not at all satisfied,NA,Not at all satisfied,Not at all satisfied,Very dissatisfied,Very dissatisfied,No,NA,NA,NA,NA,NA,NA,NA,NA,NA,NA,NA,NA,NA,NA,NA,NA,NA,NA,NA,NA,Very dissatisfied,NA,NA,Somewhat dissatisfied,"As a committed faculty member who deeply considers Balamand my home, I feel increasingly discouraged by the absence of transparency and consistency in key institutional processes. Communication between faculty and the Comptrollers, as well as higher administration, is almost nonexistent, leaving us uninformed and undervalued. The HR department remains ineffective. Basic matters such as salary distribution lack professionalism and clarity ? we still receive our payment by hand, without a clear schedule or notification, constantly waiting the day of distribution and hoping someone will notify us that we can go now to the glass room to get our enveloppe. As a faculty member who teaches professionalism to our students, this situation is deeply discouraging to us.

The internal rules concerning promotion, teaching loads, and workload distribution exist on paper but are neither standardized nor applied fairly across the board. Teaching credit loads urgently need revision: they should align clearly with academic rank, and research-active faculty must be genuinely supported ? not only relieved of 6 credits ? especially when some produce more than seven peer-reviewed papers per academic year. The current system fails to reward excellence or encourage productivity. Appraisals and leave requests are applied inconsistently in Faculties, when they should be required for all, ensuring fairness and accountability.

Research, one of the university?s strongest pillars, suffers unfortunately from insufficient support, unclear grant allocation, and an environment in which collaboration is too often seen as a burden rather than a strategic necessity. Funding to initiate MoUs, exchanges, and international partnerships is inaccessible, limiting growth and visibility locally and abroad.

There is also a painful imbalance in how faculty are treated. Salaries do not reflect qualifications, specialization, or years of service. As an Engineer with a PhD working at the Faculty of Health Sciences, my compensation does not match that of peers at the Faculty of Engineering, or Faculty of Medicine, even though many of these Faculty are not Engineers or MDs but holding a PhD in Science. New recruits frequently receive better terms than long-standing academics, while many of us remain unaware of our basic rights.

Even communication and visibility reflect inequity. Featuring on social media is slow, selective, and lacks a transparent system. The same faces appear repeatedly, while others ? despite significant achievements ? remain invisible. Major milestones such as accreditations, which strengthen our reputation and support recruitment, are not highlighted promptly or consistently. We urgently need a fair communication strategy that gives every member of this academic community an equal chance to be seen and valued, Faculties are not treated equally.

We are a highly qualified, hardworking community that wants to shine for Balamand. Yet our motivation is fading because transparency, fairness, ethical governance, and recognition are not applied consistently. It is painful to feel that if one expresses disappointment or seeks answers, they may be met with discomfort or reprimand rather than open dialogue. Home should be a place where every member feels respected, supported, and safe to speak.

I sincerely thank you for giving me the opportunity to voice these concerns ? all in the best interest of our beloved University, which deserves to regain the leadership and ranking it once proudly held. By valorizing the talented faculty and resources we already have, and by investing in them rather than clipping their wings, we can all fly higher together. Please consider my concerns and experience at UOB in a positive spirit ? not as criticism, but as a genuine call for action to nurture the excellence our institution is capable of.

I allow myself to sign my name because I believe there is no reason for this message to remain anonymous. We should be able to express our concerns openly, work collectively, and find solutions together, without fear, without hesitation, and without hiding our voice. This University belongs to all of us, and our courage to speak for its improvement is part of our loyalty to it. Mireille Serhan",,,,,,,,,,,,,,,,,,,,,,,,,,,,,
141,12/12/2025,Male,Married,Faculty of Arts and Sciences,Physical Education,2000-2005,Associate Professor,Al Kurah,1,19+,Yes,1,Just right,10-20 hours,Very satisfied,Extremely satisfied,Very satisfied,Somewhat satisfied,Very satisfied,Somewhat satisfied,Yes. Served prior to the past 5 academic years.,Yes,Very often,Very often,Extremely satisfied,Extremely satisfied,"Associate Dean/ Assistant Dean, Department Chairperson, Academic Director",Very often,Sometimes,Very often,Sometimes,Somewhat satisfied,Very satisfied,Very satisfied,Very often,Sometimes,Very satisfied,Somewhat satisfied,Very satisfied,Very satisfied,Extremely satisfied,Extremely satisfied,Very satisfied,NA,Very satisfied,To a great extent,To a great extent,NA,NA,NA,To a great extent,To a great extent,NA,To a great extent,To a great extent,Sometimes,Very often,More than 3,Sometimes,Yes,Somewhat satisfied,Yes,Yes,No,Yes,Yes,Yes,Yes,No,No,Yes,Yes,Yes,Yes,Yes,Yes,No,Rarely,Sometimes,Yes,Yes,Somewhat satisfied,Not at all satisfied,Somewhat satisfied,Somewhat satisfied,Very satisfied,Somewhat satisfied,No,NA,Very unlikely,NA,NA,NA,NA,NA,NA,NA,NA,NA,NA,NA,NA,NA,NA,NA,NA,NA,NA,Somewhat satisfied,Yes,Yes,Neither satisfied nor dissatisfied,"I am deeply satisfied with my work at UOB, a place that has become an essential part of my life and identity. My connection to the university began in 1996 during my years as a student, continued as I proudly joined the faculty in 2002, and now extends to the next generation as my daughter pursues her medical studies at UOB. This long-standing relationship has strengthened my commitment and sense of belonging to the institution. I genuinely wish to complete my professional journey here, contributing to its mission and witnessing its continued growth. It is my sincere hope to see the University of Balamand flourish and secure its place among the leading universities in Lebanon.",,,,,,,,,,,,,,,,,,,,,,,,,,,,,
142,12/13/2025,Female,Married,Faculty of Health Sciences,Medical Laboratory Sciences,2023,Assistant Professor,Al Kurah,2,6?12,No,NA,Just right,25-35 hours,Somewhat satisfied,Very satisfied,Very satisfied,NA,Very satisfied,Extremely satisfied,Never,NA,Very often,Very often,Extremely satisfied,Very satisfied,NA,Extremely often,Very often,Very often,Sometimes,Very satisfied,Extremely satisfied,Very satisfied,Very often,Very often,Very satisfied,Very satisfied,Somewhat satisfied,Little satisfied,Little satisfied,Extremely satisfied,Somewhat satisfied,Somewhat satisfied,Very satisfied,To a great extent,To a great extent,To some extent,To some extent,To some extent,To a great extent,To a great extent,To a great extent,To some extent,To some extent,Sometimes,Very often,2,Very often,Yes,Somewhat satisfied,Yes,Yes,Yes,No,No,Yes,Yes,Yes,Non Applicable,Yes,Yes,Yes,Yes,NA,Yes,No,Very often,Very often,Yes,Yes,Somewhat satisfied,Little satisfied,Somewhat satisfied,Very satisfied,Very satisfied,Somewhat satisfied,No,NA,Very unlikely,NA,NA,NA,NA,NA,NA,NA,NA,NA,NA,NA,To a great extent,To a great extent,To a great extent,To a great extent,To a great extent,To a great extent,To a great extent,Very dissatisfied,Yes,Yes,Very dissatisfied,,,,,,,,,,,,,,,,,,,,,,,,,,,,,,
143,12/14/2025,Select...,Select...,Acad‚mie Libanaise des Beaux-Arts,Architecture,Select...,,Al Kurah,NA,NA,NA,NA,Just right,10-20 hours,NA,Somewhat satisfied,Very satisfied,Very satisfied,Somewhat satisfied,Very satisfied,Never,NA,Sometimes,Sometimes,Extremely satisfied,Very satisfied,NA,Extremely often,Rarely,Never,Never,Neither satisfied nor dissatisfied,Very satisfied,Very satisfied,Very often,Never,Very satisfied,Very satisfied,Very satisfied,Very satisfied,Very satisfied,Extremely satisfied,Very satisfied,NA,Very satisfied,NA,NA,NA,NA,NA,NA,NA,NA,NA,NA,NA,NA,NA,NA,NA,NA,NA,NA,NA,NA,NA,Yes,NA,NA,NA,NA,NA,NA,Yes,Yes,Yes,Yes,NA,NA,NA,NA,NA,Little satisfied,Not at all satisfied,Little satisfied,Very satisfied,NA,NA,NA,Very unlikely,NA,NA,NA,NA,NA,NA,NA,NA,NA,NA,NA,NA,NA,NA,NA,NA,NA,NA,NA,NA,Yes,NA,,,,,,,,,,,,,,,,,,,,,,,,,,,,,,
144,12/15/2025,Female,Married,Faculty of Engineering,Civil Engineering,2011-2015,Assistant Professor,Al Kurah,NA,6?12,Yes,1,Much too heavy,40-50 hours,Very satisfied,Extremely satisfied,Somewhat satisfied,Somewhat satisfied,Very satisfied,Not at all satisfied,Yes. Served within the past 5 academic years.,No,Extremely often,Extremely often,Extremely satisfied,Extremely satisfied,NA,Extremely often,Extremely often,Extremely often,Very often,Somewhat dissatisfied,Very satisfied,Very satisfied,Very often,Very often,Somewhat satisfied,Somewhat satisfied,Extremely satisfied,Extremely satisfied,Little satisfied,Extremely satisfied,Extremely satisfied,NA,Very satisfied,Not at all,To a great extent,Not at all,Not at all,Not at all,Not at all,Not at all,To a great extent,To some extent,Not at all,Extremely often,Very often,NA,Extremely often,Yes,Very satisfied,Yes,NA,Yes,No,Yes,Yes,No,Yes,Yes,Yes,Yes,Yes,Yes,Yes,Yes,No,Extremely often,Never,No,NA,Extremely satisfied,Very satisfied,Not at all satisfied,Not at all satisfied,Very satisfied,Very dissatisfied,No,NA,Somewhat likely,To a great extent,Not at all,To a great extent,Not at all,Not at all,To a great extent,Not at all,Not at all,Not at all,Not at all,To a great extent,To a great extent,To a great extent,To a great extent,To a great extent,To a great extent,To a great extent,To some extent,Somewhat dissatisfied,No,No,Very satisfied,,,,,,,,,,,,,,,,,,,,,,,,,,,,,,
145,12/15/2025,Female,Married,Faculty of Engineering,Civil Engineering,2016-2020,Associate Professor,Al Kurah,3,13?18,NA,NA,Just right,40-50 hours,Little satisfied,Somewhat satisfied,Somewhat satisfied,Extremely satisfied,Very satisfied,Somewhat satisfied,Never,NA,Sometimes,Extremely often,Very satisfied,Somewhat satisfied,NA,Extremely often,Extremely often,Never,Rarely,Somewhat satisfied,Somewhat satisfied,Somewhat satisfied,Very often,Rarely,Extremely satisfied,Extremely satisfied,Extremely satisfied,Extremely satisfied,Extremely satisfied,Extremely satisfied,Extremely satisfied,NA,Very satisfied,To a great extent,To a great extent,To a great extent,To a great extent,To a great extent,To a great extent,To a great extent,To a great extent,To a great extent,To some extent,Very often,Very often,1,Very often,Yes,Very satisfied,Yes,Yes,No,Yes,Yes,Yes,No,Yes,Yes,Yes,Yes,Yes,Yes,Yes,Yes,Yes,Sometimes,Very often,Yes,Yes,Very satisfied,Somewhat satisfied,Little satisfied,Little satisfied,Very satisfied,Somewhat dissatisfied,No,NA,Very unlikely,NA,NA,NA,NA,NA,NA,NA,NA,NA,NA,NA,NA,NA,NA,NA,NA,NA,NA,Somewhat satisfied,Yes,Yes,Very satisfied,,,,,,,,,,,,,,,,,,,,,,,,,,,,,,
146,12/16/2025,Female,Married,Faculty of Engineering,Civil Engineering,<2000,Lecturer,Al Kurah,2,19+,No,NA,Much too heavy,40-50 hours,NA,Very satisfied,Somewhat satisfied,NA,Very satisfied,Little satisfied,Yes. Serving currently.,NA,Sometimes,Extremely often,Extremely satisfied,Extremely satisfied,NA,Extremely often,Sometimes,Rarely,Very often,NA,Very satisfied,Very satisfied,Extremely often,Sometimes,Extremely satisfied,Extremely satisfied,Very satisfied,Extremely satisfied,Extremely satisfied,Extremely satisfied,Extremely satisfied,NA,Very satisfied,To a great extent,To a great extent,To a great extent,To a great extent,To a great extent,To a great extent,To a great extent,To a great extent,To a great extent,To a great extent,Very often,NA,NA,NA,NA,NA,NA,NA,NA,NA,Yes,Yes,NA,Yes,Yes,NA,Yes,NA,NA,NA,Yes,Yes,Extremely often,Sometimes,NA,NA,NA,NA,NA,NA,NA,NA,NA,NA,Very unlikely,NA,NA,NA,NA,NA,NA,NA,NA,NA,NA,NA,NA,NA,NA,NA,NA,NA,NA,Somewhat satisfied,Yes,Yes,NA,"Thank you for giving us the opportunity to share our perspectives. As an engineer whose health insurance is provided through the Order of engineers, I would appreciate if UOB could contribute its share of the coverage, as it does for other employees and faculty members whose insurance is managed directly through the university.",,,,,,,,,,,,,,,,,,,,,,,,,,,,,
147,12/16/2025,Female,Married,Faculty of Engineering,Chemical Engineering,2011-2015,Professor,Al Kurah,3,0?5,NA,NA,Too heavy,40-50 hours,Very satisfied,Very satisfied,Somewhat satisfied,Somewhat satisfied,Very satisfied,Somewhat satisfied,Yes. Serving currently.,Yes,Very often,Very often,Very satisfied,Very satisfied,Department Chairperson,Extremely often,Very often,Very often,Very often,NA,Very satisfied,Very satisfied,Sometimes,Sometimes,Very satisfied,Somewhat satisfied,Very satisfied,Very satisfied,Very satisfied,Very satisfied,NA,NA,NA,NA,NA,NA,NA,NA,NA,NA,NA,NA,NA,Sometimes,Very often,NA,NA,Yes,Somewhat satisfied,Yes,Yes,NA,No,NA,Yes,Yes,Yes,NA,NA,Yes,Yes,NA,Yes,Yes,NA,Very often,NA,Yes,Yes,Somewhat satisfied,NA,NA,Somewhat satisfied,Somewhat satisfied,Somewhat satisfied,Yes,Somewhat dissatisfied,Somewhat unlikely,NA,NA,NA,NA,NA,NA,NA,NA,NA,NA,NA,NA,NA,NA,NA,NA,NA,NA,Very satisfied,Yes,NA,Very satisfied,"I would like to sincerely thank the Provost, Dr. Georges Bahr, for his outstanding professionalism and leadership. His efforts have led to improvements accross many levels, particularly in strengthening research grants, advancing academic excellence, and establishing a supportive environment for faculty and students. His dedication and hard work has had and continues to have a positive impact on our institution.",,,,,,,,,,,,,,,,,,,,,,,,,,,,,
148,12/17/2025,Male,Married,Faculty of Engineering,Electrical Engineering,<2000,Associate Professor,Al Kurah,2,19+,No,NA,Just right,40-50 hours,Very satisfied,Somewhat satisfied,Somewhat satisfied,Somewhat satisfied,Very satisfied,Very satisfied,Yes. Serving currently.,Yes,Extremely often,Extremely often,Very satisfied,Very satisfied,Department Chairperson,Extremely often,Sometimes,Sometimes,Rarely,Neither satisfied nor dissatisfied,Very satisfied,Very satisfied,Very often,Very often,Very satisfied,Somewhat satisfied,Very satisfied,Very satisfied,Somewhat satisfied,Very satisfied,Very satisfied,Neither satisfied nor dissatisfied,Very satisfied,To a great extent,To a great extent,To some extent,To some extent,To some extent,To some extent,To some extent,To some extent,To a great extent,To some extent,Sometimes,Rarely,1,Sometimes,Yes,Neither satisfied nor dissatisfied,Yes,Yes,No,No,Yes,Yes,Yes,Yes,Yes,Yes,No,Yes,Yes,Yes,Yes,Yes,Very often,Very often,Yes,Yes,Very satisfied,Somewhat satisfied,Very satisfied,Somewhat satisfied,Not applicable,Very satisfied,No,NA,Very unlikely,NA,NA,NA,NA,NA,NA,NA,NA,NA,NA,NA,NA,NA,NA,NA,NA,NA,NA,Very satisfied,Yes,Yes,Neither satisfied nor dissatisfied,,,,,,,,,,,,,,,,,,,,,,,,,,,,,,
149,12/18/2025,Male,Married,Faculty of Engineering,Mechanical Engineering,2011-2015,Associate Professor,Al Kurah,2,0?5,No,NA,Much too heavy,25-35 hours,Very satisfied,Somewhat satisfied,Somewhat satisfied,Somewhat satisfied,Very satisfied,Very satisfied,Never,NA,Very often,Very often,Somewhat satisfied,Extremely satisfied,NA,Extremely often,Sometimes,Sometimes,Rarely,Very dissatisfied,Very satisfied,Very satisfied,Sometimes,Rarely,Little satisfied,Little satisfied,Somewhat satisfied,Very satisfied,Not at all satisfied,Extremely satisfied,Extremely satisfied,NA,Very satisfied,To some extent,To a great extent,Not at all,To some extent,To some extent,To some extent,Not at all,To a great extent,NA,To a great extent,Sometimes,Rarely,1,NA,Yes,Very dissatisfied,No,NA,NA,No,No,No,No,Yes,Yes,No,No,Yes,No,No,Yes,No,Sometimes,Sometimes,No,NA,Little satisfied,Not at all satisfied,Little satisfied,Not at all satisfied,Very satisfied,Very dissatisfied,No,NA,Very unlikely,NA,NA,NA,NA,NA,NA,NA,NA,NA,NA,NA,To a great extent,To a great extent,To a great extent,To a great extent,To a great extent,To a great extent,To a great extent,Somewhat satisfied,Yes,Yes,Somewhat dissatisfied,"More transparency is needed, as well as clearer communication regarding important matters (Salary, schooling, etc.). In many cases, a simple email would do the job. Currently, we often find ourselves dealing with rumors instead of reliable information.
The issue of promotions and demotions, combined with a 24?credit load, is inappropriate. This is not a personal matter but a structural one. 
I urge the administration to restore the sense of belonging and unity that once defined the Balamandian family.
Additionally, the promotion policy (point system) should be flexible and aligned with each field of expertise, rather than applied uniformly across all disciplines. The fast?track option has become too fast and too unfair, encouraging non?ethical behavior.
In general, faculty and staff should not feel that they are being disrespected and not involved.",,,,,,,,,,,,,,,,,,,,,,,,,,,,,
150,12/18/2025,Male,Married,Acad‚mie Libanaise des Beaux-Arts,Computer Graphics and Interactive Media,2011-2015,,Al Kurah,1,0?5,NA,NA,Much too heavy,25-35 hours,Somewhat satisfied,Little satisfied,Little satisfied,Somewhat satisfied,Little satisfied,Not at all satisfied,Yes. Served within the past 5 academic years.,No,Very often,Very often,Very satisfied,Very satisfied,Department Chairperson,Very often,Sometimes,Very often,Very often,Somewhat dissatisfied,Very satisfied,Somewhat satisfied,Rarely,Rarely,Not at all satisfied,Little satisfied,Little satisfied,Little satisfied,Not at all satisfied,Somewhat satisfied,Somewhat satisfied,NA,Somewhat satisfied,To some extent,To some extent,To some extent,To some extent,To some extent,Not at all,To some extent,To a great extent,To some extent,To a great extent,Rarely,Never,NA,Rarely,No,Somewhat dissatisfied,No,No,No,No,No,Yes,No,No,Non Applicable,Yes,Yes,No,Yes,Yes,Yes,No,Sometimes,Rarely,Yes,No,Little satisfied,Little satisfied,Little satisfied,Little satisfied,Not applicable,Not applicable,No,NA,Very unlikely,NA,NA,NA,NA,NA,NA,NA,NA,NA,NA,NA,To a great extent,To a great extent,To a great extent,To a great extent,To a great extent,To a great extent,To a great extent,Neither satisfied nor dissatisfied,Yes,Yes,Somewhat dissatisfied,"I love UOB as I love Lebanon. Unfortunately, at UOB as in Lebanon... no clear authority, no clear responsibility...  so no clear decision making and decision makers... University must be a tornado of thoughts, avant-garde people sharing their thoughts and experience with soon to be Avant-garde innovators, leaders, entrepreneurs, public figures...CITIZENS...  It is a long way.. . I hope we are on it.",,,,,,,,,,,,,,,,,,,,,,,,,,,,,
151,12/23/2025,Male,Married,Faculty of Engineering,Civil Engineering,2006-2010,Associate Professor,Al Kurah,2,0?5,No,NA,Too heavy,10-20 hours,Somewhat satisfied,Somewhat satisfied,Little satisfied,Little satisfied,Little satisfied,Little satisfied,Never,NA,Rarely,Sometimes,Not at all satisfied,Very satisfied,NA,Never,Very often,Sometimes,Never,Somewhat dissatisfied,Somewhat satisfied,Somewhat satisfied,Very often,Rarely,Somewhat satisfied,Somewhat satisfied,Very satisfied,Very satisfied,Somewhat satisfied,Very satisfied,Very satisfied,NA,Very satisfied,To some extent,To some extent,To a great extent,To a great extent,To some extent,To a great extent,To some extent,To some extent,To some extent,NA,Sometimes,Sometimes,1,Rarely,No,Neither satisfied nor dissatisfied,Yes,Yes,No,Yes,Yes,No,No,Yes,Yes,No,Yes,No,No,No,Yes,No,Rarely,Never,No,NA,Somewhat satisfied,Not at all satisfied,Little satisfied,Little satisfied,Not applicable,Somewhat dissatisfied,No,NA,Very unlikely,NA,NA,NA,NA,NA,NA,NA,NA,NA,NA,NA,NA,NA,NA,NA,NA,NA,NA,Neither satisfied nor dissatisfied,Yes,Yes,Somewhat dissatisfied,,,,,,,,,,,,,,,,,,,,,,,,,,,,,,
